"code","iso","country","RMS.ind.1995","RMS.ind.1996","RMS.ind.1997","RMS.ind.1998","RMS.ind.1999","RMS.ind.2000","RMS.ind.2001","RMS.ind.2002","RMS.ind.2003","RMS.ind.2004","RMS.ind.2005","RMS.ind.2006","RMS.ind.2007","RMS.ind.2008","RMS.ind.2009","RMS.ind.2010","RMS.ind.2011","RMS.ind.2012","RMS.ind.2013","RMS.ind.2014","RMS.ind.2015","RMS.ind.2016","RMS.ind.2017","RMS.ind.2018","RMS.ind.2019","RMS.ind.2020","RMS.ind.2021","RMS.ind.2022"
4,"AFG","Afghanistan",NA,NA,NA,NA,NA,NA,NA,NA,NA,NA,NA,NA,NA,NA,NA,NA,NA,NA,NA,NA,NA,NA,NA,NA,NA,NA,NA,NA
8,"ALB","Albania",30.1809198953373,30.1809198953373,30.1809198953373,30.1809198953373,30.1809198953373,30.1809198953373,30.1809198953373,30.1809198953373,30.1809198953373,30.1809198953373,30.1809198953373,30.1809198953373,30.1809198953373,30.1809198953373,30.1809198953373,30.1809198953373,30.1809198953373,30.1809198953373,30.1809198953373,30.1809198953373,30.1809198953373,30.1809198953373,30.1809198953373,30.1809198953373,30.1809198953373,30.1809198953373,30.1809198953373,30.1809198953373
12,"DZA","Algeria",12.4385696857839,12.4385696857839,12.4385696857839,12.4385696857839,12.4385696857839,12.4385696857839,12.4385696857839,12.4385696857839,12.4385696857839,12.4385696857839,12.4385696857839,12.4385696857839,12.4385696857839,12.4385696857839,12.4385696857839,12.4385696857839,12.4385696857839,12.4385696857839,12.4385696857839,12.4385696857839,12.4385696857839,12.4385696857839,12.4385696857839,12.4385696857839,12.4385696857839,12.4385696857839,12.4385696857839,12.4385696857839
20,"AND","Andorra",NA,NA,NA,NA,NA,NA,NA,NA,NA,NA,NA,NA,NA,NA,NA,NA,NA,NA,NA,NA,NA,NA,NA,NA,NA,NA,NA,NA
24,"AGO","Angola",17.5721544522685,17.5721544522685,17.5721544522685,17.5721544522685,17.5721544522685,17.5721544522685,17.5721544522685,17.5721544522685,17.5721544522685,17.5721544522685,17.5721544522685,17.5721544522685,17.5721544522685,17.5721544522685,17.5721544522685,17.5721544522685,17.5721544522685,17.5721544522685,17.5721544522685,17.5721544522685,17.5721544522685,17.5721544522685,17.5721544522685,17.5721544522685,17.5721544522685,17.5721544522685,17.5721544522685,17.5721544522685
660,"AIA","Anguilla",NA,NA,NA,NA,NA,NA,NA,NA,NA,NA,NA,NA,NA,NA,NA,NA,NA,NA,NA,NA,NA,NA,NA,NA,NA,NA,NA,NA
28,"ATG","Antigua and Barbuda",8.97798999702434,8.97798999702434,8.97798999702434,8.97798999702434,8.97798999702434,8.97798999702434,8.97798999702434,8.97798999702434,8.97798999702434,8.97798999702434,8.97798999702434,8.97798999702434,8.97798999702434,8.97798999702434,8.97798999702434,8.97798999702434,8.97798999702434,8.97798999702434,8.97798999702434,8.97798999702434,8.97798999702434,8.97798999702434,8.97798999702434,8.97798999702434,8.97798999702434,8.97798999702434,8.97798999702434,8.97798999702434
32,"ARG","Argentina",5.47719296647905,5.47719296647905,5.47719296647905,5.47719296647905,5.47719296647905,5.47719296647905,5.47719296647905,5.47719296647905,5.47719296647905,5.47719296647905,5.47719296647905,5.47719296647905,5.47719296647905,5.47719296647905,5.47719296647905,5.47719296647905,5.47719296647905,5.47719296647905,5.47719296647905,5.47719296647905,5.47719296647905,5.47719296647905,5.47719296647905,5.47719296647905,5.47719296647905,5.47719296647905,5.47719296647905,5.47719296647905
51,"ARM","Armenia",NA,NA,NA,NA,NA,NA,NA,NA,NA,NA,NA,NA,NA,NA,NA,NA,NA,NA,NA,NA,NA,NA,NA,NA,NA,NA,NA,NA
533,"ABW","Aruba",NA,NA,NA,NA,NA,NA,NA,NA,NA,NA,NA,NA,NA,NA,NA,NA,NA,NA,NA,NA,NA,NA,NA,NA,NA,NA,NA,NA
36,"AUS","Australia",15.9845041853503,15.9845041853503,15.9845041853503,15.9845041853503,15.9845041853503,15.9845041853503,15.9845041853503,15.9845041853503,15.9845041853503,15.9845041853503,15.9845041853503,15.9845041853503,15.9845041853503,15.9845041853503,15.9845041853503,15.9845041853503,15.9845041853503,15.9845041853503,15.9845041853503,15.9845041853503,15.9845041853503,15.9845041853503,15.9845041853503,15.9845041853503,15.9845041853503,15.9845041853503,15.9845041853503,15.9845041853503
40,"AUT","Austria",NA,NA,NA,NA,NA,NA,NA,NA,NA,NA,NA,NA,NA,NA,NA,NA,NA,NA,NA,NA,NA,NA,NA,NA,NA,NA,NA,NA
31,"AZE","Azerbaijan",NA,NA,NA,NA,NA,NA,NA,NA,NA,NA,NA,NA,NA,NA,NA,NA,NA,NA,NA,NA,NA,NA,NA,NA,NA,NA,NA,NA
44,"BHS","Bahamas",11.4853453763932,11.4853453763932,11.4853453763932,11.4853453763932,11.4853453763932,11.4853453763932,11.4853453763932,11.4853453763932,11.4853453763932,11.4853453763932,11.4853453763932,11.4853453763932,11.4853453763932,11.4853453763932,11.4853453763932,11.4853453763932,11.4853453763932,11.4853453763932,11.4853453763932,11.4853453763932,11.4853453763932,11.4853453763932,11.4853453763932,11.4853453763932,11.4853453763932,11.4853453763932,11.4853453763932,11.4853453763932
48,"BHR","Bahrain",17.5608979289574,17.5608979289574,17.5608979289574,17.5608979289574,17.5608979289574,17.5608979289574,17.5608979289574,17.5608979289574,17.5608979289574,17.5608979289574,17.5608979289574,17.5608979289574,17.5608979289574,17.5608979289574,17.5608979289574,17.5608979289574,17.5608979289574,17.5608979289574,17.5608979289574,17.5608979289574,17.5608979289574,17.5608979289574,17.5608979289574,17.5608979289574,17.5608979289574,17.5608979289574,17.5608979289574,17.5608979289574
50,"BGD","Bangladesh",15.6609826850573,15.6609826850573,15.6609826850573,15.6609826850573,15.6609826850573,15.6609826850573,15.6609826850573,15.6609826850573,15.6609826850573,15.6609826850573,15.6609826850573,15.6609826850573,15.6609826850573,15.6609826850573,15.6609826850573,15.6609826850573,15.6609826850573,15.6609826850573,15.6609826850573,15.6609826850573,15.6609826850573,15.6609826850573,15.6609826850573,15.6609826850573,15.6609826850573,15.6609826850573,15.6609826850573,15.6609826850573
52,"BRB","Barbados",22.901748256244,22.901748256244,22.901748256244,22.901748256244,22.901748256244,22.901748256244,22.901748256244,22.901748256244,22.901748256244,22.901748256244,22.901748256244,22.901748256244,22.901748256244,22.901748256244,22.901748256244,22.901748256244,22.901748256244,22.901748256244,22.901748256244,22.901748256244,22.901748256244,22.901748256244,22.901748256244,22.901748256244,22.901748256244,22.901748256244,22.901748256244,22.901748256244
112,"BLR","Belarus",NA,NA,NA,NA,NA,NA,NA,NA,NA,NA,NA,NA,NA,NA,NA,NA,NA,NA,NA,NA,NA,NA,NA,NA,NA,NA,NA,NA
56,"BEL","Belgium",19.4826401627413,19.4826401627413,19.4826401627413,19.4826401627413,19.4826401627413,19.4826401627413,19.4826401627413,19.4826401627413,19.4826401627413,19.4826401627413,19.4826401627413,19.4826401627413,19.4826401627413,19.4826401627413,19.4826401627413,19.4826401627413,19.4826401627413,19.4826401627413,19.4826401627413,19.4826401627413,19.4826401627413,19.4826401627413,19.4826401627413,19.4826401627413,19.4826401627413,19.4826401627413,19.4826401627413,19.4826401627413
84,"BLZ","Belize",10.0766744985765,10.0766744985765,10.0766744985765,10.0766744985765,10.0766744985765,10.0766744985765,10.0766744985765,10.0766744985765,10.0766744985765,10.0766744985765,10.0766744985765,10.0766744985765,10.0766744985765,10.0766744985765,10.0766744985765,10.0766744985765,10.0766744985765,10.0766744985765,10.0766744985765,10.0766744985765,10.0766744985765,10.0766744985765,10.0766744985765,10.0766744985765,10.0766744985765,10.0766744985765,10.0766744985765,10.0766744985765
204,"BEN","Benin",11.3013994292572,11.3013994292572,11.3013994292572,11.3013994292572,11.3013994292572,11.3013994292572,11.3013994292572,11.3013994292572,11.3013994292572,11.3013994292572,11.3013994292572,11.3013994292572,11.3013994292572,11.3013994292572,11.3013994292572,11.3013994292572,11.3013994292572,11.3013994292572,11.3013994292572,11.3013994292572,11.3013994292572,11.3013994292572,11.3013994292572,11.3013994292572,11.3013994292572,11.3013994292572,11.3013994292572,11.3013994292572
60,"BMU","Bermuda",37.3168038199277,37.3168038199277,37.3168038199277,37.3168038199277,37.3168038199277,37.3168038199277,37.3168038199277,37.3168038199277,37.3168038199277,37.3168038199277,37.3168038199277,37.3168038199277,37.3168038199277,37.3168038199277,37.3168038199277,37.3168038199277,37.3168038199277,37.3168038199277,37.3168038199277,37.3168038199277,37.3168038199277,37.3168038199277,37.3168038199277,37.3168038199277,37.3168038199277,37.3168038199277,37.3168038199277,37.3168038199277
64,"BTN","Bhutan",NA,NA,NA,NA,NA,NA,NA,NA,NA,NA,NA,NA,NA,NA,NA,NA,NA,NA,NA,NA,NA,NA,NA,NA,NA,NA,NA,NA
68,"BOL","Bolivia",NA,NA,NA,NA,NA,NA,NA,NA,NA,NA,NA,NA,NA,NA,NA,NA,NA,NA,NA,NA,NA,NA,NA,NA,NA,NA,NA,NA
70,"BIH","Bosnia and Herzegovina",NA,NA,NA,NA,NA,NA,NA,NA,NA,NA,NA,NA,NA,NA,NA,NA,NA,NA,NA,NA,NA,NA,NA,NA,NA,NA,NA,NA
72,"BWA","Botswana",NA,NA,NA,NA,NA,NA,NA,NA,NA,NA,NA,NA,NA,NA,NA,NA,NA,NA,NA,NA,NA,NA,NA,NA,NA,NA,NA,NA
76,"BRA","Brazil",13.5211628510444,13.5211628510444,13.5211628510444,13.5211628510444,13.5211628510444,13.5211628510444,13.5211628510444,13.5211628510444,13.5211628510444,13.5211628510444,13.5211628510444,13.5211628510444,13.5211628510444,13.5211628510444,13.5211628510444,13.5211628510444,13.5211628510444,13.5211628510444,13.5211628510444,13.5211628510444,13.5211628510444,13.5211628510444,13.5211628510444,13.5211628510444,13.5211628510444,13.5211628510444,13.5211628510444,13.5211628510444
92,"VGB","British Virgin Islands",13.4870453242203,13.4870453242203,13.4870453242203,13.4870453242203,13.4870453242203,13.4870453242203,13.4870453242203,13.4870453242203,13.4870453242203,13.4870453242203,13.4870453242203,13.4870453242203,13.4870453242203,13.4870453242203,13.4870453242203,13.4870453242203,13.4870453242203,13.4870453242203,13.4870453242203,13.4870453242203,13.4870453242203,13.4870453242203,13.4870453242203,13.4870453242203,13.4870453242203,13.4870453242203,13.4870453242203,13.4870453242203
96,"BRN","Brunei Darussalam",9.58787070820074,9.58787070820074,9.58787070820074,9.58787070820074,9.58787070820074,9.58787070820074,9.58787070820074,9.58787070820074,9.58787070820074,9.58787070820074,9.58787070820074,9.58787070820074,9.58787070820074,9.58787070820074,9.58787070820074,9.58787070820074,9.58787070820074,9.58787070820074,9.58787070820074,9.58787070820074,9.58787070820074,9.58787070820074,9.58787070820074,9.58787070820074,9.58787070820074,9.58787070820074,9.58787070820074,9.58787070820074
100,"BGR","Bulgaria",40.2071255853097,40.2071255853097,40.2071255853097,40.2071255853097,40.2071255853097,40.2071255853097,40.2071255853097,40.2071255853097,40.2071255853097,40.2071255853097,40.2071255853097,40.2071255853097,40.2071255853097,40.2071255853097,40.2071255853097,40.2071255853097,40.2071255853097,40.2071255853097,40.2071255853097,40.2071255853097,40.2071255853097,40.2071255853097,40.2071255853097,40.2071255853097,40.2071255853097,40.2071255853097,40.2071255853097,40.2071255853097
854,"BFA","Burkina Faso",NA,NA,NA,NA,NA,NA,NA,NA,NA,NA,NA,NA,NA,NA,NA,NA,NA,NA,NA,NA,NA,NA,NA,NA,NA,NA,NA,NA
108,"BDI","Burundi",NA,NA,NA,NA,NA,NA,NA,NA,NA,NA,NA,NA,NA,NA,NA,NA,NA,NA,NA,NA,NA,NA,NA,NA,NA,NA,NA,NA
132,"CPV","Cabo Verde",99.9999999999998,99.9999999999998,99.9999999999998,99.9999999999998,99.9999999999998,99.9999999999998,99.9999999999998,99.9999999999998,99.9999999999998,99.9999999999998,99.9999999999998,99.9999999999998,99.9999999999998,99.9999999999998,99.9999999999998,99.9999999999998,99.9999999999998,99.9999999999998,99.9999999999998,99.9999999999998,99.9999999999998,99.9999999999998,99.9999999999998,99.9999999999998,99.9999999999998,99.9999999999998,99.9999999999998,99.9999999999998
116,"KHM","Cambodia",19.4557649597582,19.4557649597582,19.4557649597582,19.4557649597582,19.4557649597582,19.4557649597582,19.4557649597582,19.4557649597582,19.4557649597582,19.4557649597582,19.4557649597582,19.4557649597582,19.4557649597582,19.4557649597582,19.4557649597582,19.4557649597582,19.4557649597582,19.4557649597582,19.4557649597582,19.4557649597582,19.4557649597582,19.4557649597582,19.4557649597582,19.4557649597582,19.4557649597582,19.4557649597582,19.4557649597582,19.4557649597582
120,"CMR","Cameroon",7.15753421932223,7.15753421932223,7.15753421932223,7.15753421932223,7.15753421932223,7.15753421932223,7.15753421932223,7.15753421932223,7.15753421932223,7.15753421932223,7.15753421932223,7.15753421932223,7.15753421932223,7.15753421932223,7.15753421932223,7.15753421932223,7.15753421932223,7.15753421932223,7.15753421932223,7.15753421932223,7.15753421932223,7.15753421932223,7.15753421932223,7.15753421932223,7.15753421932223,7.15753421932223,7.15753421932223,7.15753421932223
124,"CAN","Canada",11.9465782406882,11.9465782406882,11.9465782406882,11.9465782406882,11.9465782406882,11.9465782406882,11.9465782406882,11.9465782406882,11.9465782406882,11.9465782406882,11.9465782406882,11.9465782406882,11.9465782406882,11.9465782406882,11.9465782406882,11.9465782406882,11.9465782406882,11.9465782406882,11.9465782406882,11.9465782406882,11.9465782406882,11.9465782406882,11.9465782406882,11.9465782406882,11.9465782406882,11.9465782406882,11.9465782406882,11.9465782406882
136,"CYM","Cayman Islands",9.75191890096632,9.75191890096632,9.75191890096632,9.75191890096632,9.75191890096632,9.75191890096632,9.75191890096632,9.75191890096632,9.75191890096632,9.75191890096632,9.75191890096632,9.75191890096632,9.75191890096632,9.75191890096632,9.75191890096632,9.75191890096632,9.75191890096632,9.75191890096632,9.75191890096632,9.75191890096632,9.75191890096632,9.75191890096632,9.75191890096632,9.75191890096632,9.75191890096632,9.75191890096632,9.75191890096632,9.75191890096632
140,"CAF","Central African Republic",NA,NA,NA,NA,NA,NA,NA,NA,NA,NA,NA,NA,NA,NA,NA,NA,NA,NA,NA,NA,NA,NA,NA,NA,NA,NA,NA,NA
148,"TCD","Chad",NA,NA,NA,NA,NA,NA,NA,NA,NA,NA,NA,NA,NA,NA,NA,NA,NA,NA,NA,NA,NA,NA,NA,NA,NA,NA,NA,NA
152,"CHL","Chile",11.7523115728932,11.7523115728932,11.7523115728932,11.7523115728932,11.7523115728932,11.7523115728932,11.7523115728932,11.7523115728932,11.7523115728932,11.7523115728932,11.7523115728932,11.7523115728932,11.7523115728932,11.7523115728932,11.7523115728932,11.7523115728932,11.7523115728932,11.7523115728932,11.7523115728932,11.7523115728932,11.7523115728932,11.7523115728932,11.7523115728932,11.7523115728932,11.7523115728932,11.7523115728932,11.7523115728932,11.7523115728932
156,"CHN","China",20.4315474284102,20.4315474284102,20.4315474284102,20.4315474284102,20.4315474284102,20.4315474284102,20.4315474284102,20.4315474284102,20.4315474284102,20.4315474284102,20.4315474284102,20.4315474284102,20.4315474284102,20.4315474284102,20.4315474284102,20.4315474284102,20.4315474284102,20.4315474284102,20.4315474284102,20.4315474284102,20.4315474284102,20.4315474284102,20.4315474284102,20.4315474284102,20.4315474284102,20.4315474284102,20.4315474284102,20.4315474284102
170,"COL","Colombia",3.58887993739621,3.58887993739621,3.58887993739621,3.58887993739621,3.58887993739621,3.58887993739621,3.58887993739621,3.58887993739621,3.58887993739621,3.58887993739621,3.58887993739621,3.58887993739621,3.58887993739621,3.58887993739621,3.58887993739621,3.58887993739621,3.58887993739621,3.58887993739621,3.58887993739621,3.58887993739621,3.58887993739621,3.58887993739621,3.58887993739621,3.58887993739621,3.58887993739621,3.58887993739621,3.58887993739621,3.58887993739621
174,"COM","Comoros",99.9999999999998,99.9999999999998,99.9999999999998,99.9999999999998,99.9999999999998,99.9999999999998,99.9999999999998,99.9999999999998,99.9999999999998,99.9999999999998,99.9999999999998,99.9999999999998,99.9999999999998,99.9999999999998,99.9999999999998,99.9999999999998,99.9999999999998,99.9999999999998,99.9999999999998,99.9999999999998,99.9999999999998,99.9999999999998,99.9999999999998,99.9999999999998,99.9999999999998,99.9999999999998,99.9999999999998,99.9999999999998
184,"COK","Cook Islands",NA,NA,NA,NA,NA,NA,NA,NA,NA,NA,NA,NA,NA,NA,NA,NA,NA,NA,NA,NA,NA,NA,NA,NA,NA,NA,NA,NA
188,"CRI","Costa Rica",17.6632833032465,17.6632833032465,17.6632833032465,17.6632833032465,17.6632833032465,17.6632833032465,17.6632833032465,17.6632833032465,17.6632833032465,17.6632833032465,17.6632833032465,17.6632833032465,17.6632833032465,17.6632833032465,17.6632833032465,17.6632833032465,17.6632833032465,17.6632833032465,17.6632833032465,17.6632833032465,17.6632833032465,17.6632833032465,17.6632833032465,17.6632833032465,17.6632833032465,17.6632833032465,17.6632833032465,17.6632833032465
384,"CIV","Cote d'Ivoire",25.8471369779044,25.8471369779044,25.8471369779044,25.8471369779044,25.8471369779044,25.8471369779044,25.8471369779044,25.8471369779044,25.8471369779044,25.8471369779044,25.8471369779044,25.8471369779044,25.8471369779044,25.8471369779044,25.8471369779044,25.8471369779044,25.8471369779044,25.8471369779044,25.8471369779044,25.8471369779044,25.8471369779044,25.8471369779044,25.8471369779044,25.8471369779044,25.8471369779044,25.8471369779044,25.8471369779044,25.8471369779044
191,"HRV","Croatia",3.95949737288359,3.95949737288359,3.95949737288359,3.95949737288359,3.95949737288359,3.95949737288359,3.95949737288359,3.95949737288359,3.95949737288359,3.95949737288359,3.95949737288359,3.95949737288359,3.95949737288359,3.95949737288359,3.95949737288359,3.95949737288359,3.95949737288359,3.95949737288359,3.95949737288359,3.95949737288359,3.95949737288359,3.95949737288359,3.95949737288359,3.95949737288359,3.95949737288359,3.95949737288359,3.95949737288359,3.95949737288359
192,"CUB","Cuba",17.1038194801256,17.1038194801256,17.1038194801256,17.1038194801256,17.1038194801256,17.1038194801256,17.1038194801256,17.1038194801256,17.1038194801256,17.1038194801256,17.1038194801256,17.1038194801256,17.1038194801256,17.1038194801256,17.1038194801256,17.1038194801256,17.1038194801256,17.1038194801256,17.1038194801256,17.1038194801256,17.1038194801256,17.1038194801256,17.1038194801256,17.1038194801256,17.1038194801256,17.1038194801256,17.1038194801256,17.1038194801256
531,"CUW","Curacao",NA,NA,NA,NA,NA,NA,NA,NA,NA,NA,NA,NA,NA,NA,NA,NA,NA,NA,NA,NA,NA,NA,NA,NA,NA,NA,NA,NA
196,"CYP","Cyprus",0,0,0,0,0,0,0,0,0,0,0,0,0,0,0,0,0,0,0,0,0,0,0,0,0,0,0,0
203,"CZE","Czech Republic",NA,NA,NA,NA,NA,NA,NA,NA,NA,NA,NA,NA,NA,NA,NA,NA,NA,NA,NA,NA,NA,NA,NA,NA,NA,NA,NA,NA
180,"COD","Dem. Rep. Congo",NA,NA,NA,NA,NA,NA,NA,NA,NA,NA,NA,NA,NA,NA,NA,NA,NA,NA,NA,NA,NA,NA,NA,NA,NA,NA,NA,NA
208,"DNK","Denmark",5.1229847916433,5.1229847916433,5.1229847916433,5.1229847916433,5.1229847916433,5.1229847916433,5.1229847916433,5.1229847916433,5.1229847916433,5.1229847916433,5.1229847916433,5.1229847916433,5.1229847916433,5.1229847916433,5.1229847916433,5.1229847916433,5.1229847916433,5.1229847916433,5.1229847916433,5.1229847916433,5.1229847916433,5.1229847916433,5.1229847916433,5.1229847916433,5.1229847916433,5.1229847916433,5.1229847916433,5.1229847916433
262,"DJI","Djibouti",6.45002438023226,6.45002438023226,6.45002438023226,6.45002438023226,6.45002438023226,6.45002438023226,6.45002438023226,6.45002438023226,6.45002438023226,6.45002438023226,6.45002438023226,6.45002438023226,6.45002438023226,6.45002438023226,6.45002438023226,6.45002438023226,6.45002438023226,6.45002438023226,6.45002438023226,6.45002438023226,6.45002438023226,6.45002438023226,6.45002438023226,6.45002438023226,6.45002438023226,6.45002438023226,6.45002438023226,6.45002438023226
212,"DMA","Dominica",16.4523555256174,16.4523555256174,16.4523555256174,16.4523555256174,16.4523555256174,16.4523555256174,16.4523555256174,16.4523555256174,16.4523555256174,16.4523555256174,16.4523555256174,16.4523555256174,16.4523555256174,16.4523555256174,16.4523555256174,16.4523555256174,16.4523555256174,16.4523555256174,16.4523555256174,16.4523555256174,16.4523555256174,16.4523555256174,16.4523555256174,16.4523555256174,16.4523555256174,16.4523555256174,16.4523555256174,16.4523555256174
214,"DOM","Dominican Republic",24.3229116977728,24.3229116977728,24.3229116977728,24.3229116977728,24.3229116977728,24.3229116977728,24.3229116977728,24.3229116977728,24.3229116977728,24.3229116977728,24.3229116977728,24.3229116977728,24.3229116977728,24.3229116977728,24.3229116977728,24.3229116977728,24.3229116977728,24.3229116977728,24.3229116977728,24.3229116977728,24.3229116977728,24.3229116977728,24.3229116977728,24.3229116977728,24.3229116977728,24.3229116977728,24.3229116977728,24.3229116977728
218,"ECU","Ecuador",15.6866561949775,15.6866561949775,15.6866561949775,15.6866561949775,15.6866561949775,15.6866561949775,15.6866561949775,15.6866561949775,15.6866561949775,15.6866561949775,15.6866561949775,15.6866561949775,15.6866561949775,15.6866561949775,15.6866561949775,15.6866561949775,15.6866561949775,15.6866561949775,15.6866561949775,15.6866561949775,15.6866561949775,15.6866561949775,15.6866561949775,15.6866561949775,15.6866561949775,15.6866561949775,15.6866561949775,15.6866561949775
818,"EGY","Egypt",8.09882378975578,8.09882378975578,8.09882378975578,8.09882378975578,8.09882378975578,8.09882378975578,8.09882378975578,8.09882378975578,8.09882378975578,8.09882378975578,8.09882378975578,8.09882378975578,8.09882378975578,8.09882378975578,8.09882378975578,8.09882378975578,8.09882378975578,8.09882378975578,8.09882378975578,8.09882378975578,8.09882378975578,8.09882378975578,8.09882378975578,8.09882378975578,8.09882378975578,8.09882378975578,8.09882378975578,8.09882378975578
222,"SLV","El Salvador",11.3182969877157,11.3182969877157,11.3182969877157,11.3182969877157,11.3182969877157,11.3182969877157,11.3182969877157,11.3182969877157,11.3182969877157,11.3182969877157,11.3182969877157,11.3182969877157,11.3182969877157,11.3182969877157,11.3182969877157,11.3182969877157,11.3182969877157,11.3182969877157,11.3182969877157,11.3182969877157,11.3182969877157,11.3182969877157,11.3182969877157,11.3182969877157,11.3182969877157,11.3182969877157,11.3182969877157,11.3182969877157
226,"GNQ","Equatorial Guinea",22.4945426225309,22.4945426225309,22.4945426225309,22.4945426225309,22.4945426225309,22.4945426225309,22.4945426225309,22.4945426225309,22.4945426225309,22.4945426225309,22.4945426225309,22.4945426225309,22.4945426225309,22.4945426225309,22.4945426225309,22.4945426225309,22.4945426225309,22.4945426225309,22.4945426225309,22.4945426225309,22.4945426225309,22.4945426225309,22.4945426225309,22.4945426225309,22.4945426225309,22.4945426225309,22.4945426225309,22.4945426225309
232,"ERI","Eritrea",3.46079572035042,3.46079572035042,3.46079572035042,3.46079572035042,3.46079572035042,3.46079572035042,3.46079572035042,3.46079572035042,3.46079572035042,3.46079572035042,3.46079572035042,3.46079572035042,3.46079572035042,3.46079572035042,3.46079572035042,3.46079572035042,3.46079572035042,3.46079572035042,3.46079572035042,3.46079572035042,3.46079572035042,3.46079572035042,3.46079572035042,3.46079572035042,3.46079572035042,3.46079572035042,3.46079572035042,3.46079572035042
233,"EST","Estonia",10.197774866536,10.197774866536,10.197774866536,10.197774866536,10.197774866536,10.197774866536,10.197774866536,10.197774866536,10.197774866536,10.197774866536,10.197774866536,10.197774866536,10.197774866536,10.197774866536,10.197774866536,10.197774866536,10.197774866536,10.197774866536,10.197774866536,10.197774866536,10.197774866536,10.197774866536,10.197774866536,10.197774866536,10.197774866536,10.197774866536,10.197774866536,10.197774866536
748,"SWZ","Eswatini",NA,NA,NA,NA,NA,NA,NA,NA,NA,NA,NA,NA,NA,NA,NA,NA,NA,NA,NA,NA,NA,NA,NA,NA,NA,NA,NA,NA
231,"ETH","Ethiopia",NA,NA,NA,NA,NA,NA,NA,NA,NA,NA,NA,NA,NA,NA,NA,NA,NA,NA,NA,NA,NA,NA,NA,NA,NA,NA,NA,NA
234,"FRO","Faeroe Islands",NA,NA,NA,NA,NA,NA,NA,NA,NA,NA,NA,NA,NA,NA,NA,NA,NA,NA,NA,NA,NA,NA,NA,NA,NA,NA,NA,NA
238,"FLK","Falkland Islands",11.3001355234283,11.3001355234283,11.3001355234283,11.3001355234283,11.3001355234283,11.3001355234283,11.3001355234283,11.3001355234283,11.3001355234283,11.3001355234283,11.3001355234283,11.3001355234283,11.3001355234283,11.3001355234283,11.3001355234283,11.3001355234283,11.3001355234283,11.3001355234283,11.3001355234283,11.3001355234283,11.3001355234283,11.3001355234283,11.3001355234283,11.3001355234283,11.3001355234283,11.3001355234283,11.3001355234283,11.3001355234283
242,"FJI","Fiji",14.9712095349823,14.9712095349823,14.9712095349823,14.9712095349823,14.9712095349823,14.9712095349823,14.9712095349823,14.9712095349823,14.9712095349823,14.9712095349823,14.9712095349823,14.9712095349823,14.9712095349823,14.9712095349823,14.9712095349823,14.9712095349823,14.9712095349823,14.9712095349823,14.9712095349823,14.9712095349823,14.9712095349823,14.9712095349823,14.9712095349823,14.9712095349823,14.9712095349823,14.9712095349823,14.9712095349823,14.9712095349823
246,"FIN","Finland",11.0172143844975,11.0172143844975,11.0172143844975,11.0172143844975,11.0172143844975,11.0172143844975,11.0172143844975,11.0172143844975,11.0172143844975,11.0172143844975,11.0172143844975,11.0172143844975,11.0172143844975,11.0172143844975,11.0172143844975,11.0172143844975,11.0172143844975,11.0172143844975,11.0172143844975,11.0172143844975,11.0172143844975,11.0172143844975,11.0172143844975,11.0172143844975,11.0172143844975,11.0172143844975,11.0172143844975,11.0172143844975
250,"FRA","France",15.2827410977225,15.2827410977225,15.2827410977225,15.2827410977225,15.2827410977225,15.2827410977225,15.2827410977225,15.2827410977225,15.2827410977225,15.2827410977225,15.2827410977225,15.2827410977225,15.2827410977225,15.2827410977225,15.2827410977225,15.2827410977225,15.2827410977225,15.2827410977225,15.2827410977225,15.2827410977225,15.2827410977225,15.2827410977225,15.2827410977225,15.2827410977225,15.2827410977225,15.2827410977225,15.2827410977225,15.2827410977225
258,"PYF","French Polynesia",NA,NA,NA,NA,NA,NA,NA,NA,NA,NA,NA,NA,NA,NA,NA,NA,NA,NA,NA,NA,NA,NA,NA,NA,NA,NA,NA,NA
266,"GAB","Gabon",12.7962779004277,12.7962779004277,12.7962779004277,12.7962779004277,12.7962779004277,12.7962779004277,12.7962779004277,12.7962779004277,12.7962779004277,12.7962779004277,12.7962779004277,12.7962779004277,12.7962779004277,12.7962779004277,12.7962779004277,12.7962779004277,12.7962779004277,12.7962779004277,12.7962779004277,12.7962779004277,12.7962779004277,12.7962779004277,12.7962779004277,12.7962779004277,12.7962779004277,12.7962779004277,12.7962779004277,12.7962779004277
270,"GMB","Gambia",7.27998282170283,7.27998282170283,7.27998282170283,7.27998282170283,7.27998282170283,7.27998282170283,7.27998282170283,7.27998282170283,7.27998282170283,7.27998282170283,7.27998282170283,7.27998282170283,7.27998282170283,7.27998282170283,7.27998282170283,7.27998282170283,7.27998282170283,7.27998282170283,7.27998282170283,7.27998282170283,7.27998282170283,7.27998282170283,7.27998282170283,7.27998282170283,7.27998282170283,7.27998282170283,7.27998282170283,7.27998282170283
268,"GEO","Georgia",9.5695148864562,9.5695148864562,9.5695148864562,9.5695148864562,9.5695148864562,9.5695148864562,9.5695148864562,9.5695148864562,9.5695148864562,9.5695148864562,9.5695148864562,9.5695148864562,9.5695148864562,9.5695148864562,9.5695148864562,9.5695148864562,9.5695148864562,9.5695148864562,9.5695148864562,9.5695148864562,9.5695148864562,9.5695148864562,9.5695148864562,9.5695148864562,9.5695148864562,9.5695148864562,9.5695148864562,9.5695148864562
276,"DEU","Germany",41.2794846855939,41.2794846855939,41.2794846855939,41.2794846855939,41.2794846855939,41.2794846855939,41.2794846855939,41.2794846855939,41.2794846855939,41.2794846855939,41.2794846855939,41.2794846855939,41.2794846855939,41.2794846855939,41.2794846855939,41.2794846855939,41.2794846855939,41.2794846855939,41.2794846855939,41.2794846855939,41.2794846855939,41.2794846855939,41.2794846855939,41.2794846855939,41.2794846855939,41.2794846855939,41.2794846855939,41.2794846855939
288,"GHA","Ghana",10.3499551794088,10.3499551794088,10.3499551794088,10.3499551794088,10.3499551794088,10.3499551794088,10.3499551794088,10.3499551794088,10.3499551794088,10.3499551794088,10.3499551794088,10.3499551794088,10.3499551794088,10.3499551794088,10.3499551794088,10.3499551794088,10.3499551794088,10.3499551794088,10.3499551794088,10.3499551794088,10.3499551794088,10.3499551794088,10.3499551794088,10.3499551794088,10.3499551794088,10.3499551794088,10.3499551794088,10.3499551794088
300,"GRC","Greece",34.4563102444871,34.4563102444871,34.4563102444871,34.4563102444871,34.4563102444871,34.4563102444871,34.4563102444871,34.4563102444871,34.4563102444871,34.4563102444871,34.4563102444871,34.4563102444871,34.4563102444871,34.4563102444871,34.4563102444871,34.4563102444871,34.4563102444871,34.4563102444871,34.4563102444871,34.4563102444871,34.4563102444871,34.4563102444871,34.4563102444871,34.4563102444871,34.4563102444871,34.4563102444871,34.4563102444871,34.4563102444871
304,"GRL","Greenland",NA,NA,NA,NA,NA,NA,NA,NA,NA,NA,NA,NA,NA,NA,NA,NA,NA,NA,NA,NA,NA,NA,NA,NA,NA,NA,NA,NA
308,"GRD","Grenada",14.5765511956585,14.5765511956585,14.5765511956585,14.5765511956585,14.5765511956585,14.5765511956585,14.5765511956585,14.5765511956585,14.5765511956585,14.5765511956585,14.5765511956585,14.5765511956585,14.5765511956585,14.5765511956585,14.5765511956585,14.5765511956585,14.5765511956585,14.5765511956585,14.5765511956585,14.5765511956585,14.5765511956585,14.5765511956585,14.5765511956585,14.5765511956585,14.5765511956585,14.5765511956585,14.5765511956585,14.5765511956585
320,"GTM","Guatemala",13.6537703998526,13.6537703998526,13.6537703998526,13.6537703998526,13.6537703998526,13.6537703998526,13.6537703998526,13.6537703998526,13.6537703998526,13.6537703998526,13.6537703998526,13.6537703998526,13.6537703998526,13.6537703998526,13.6537703998526,13.6537703998526,13.6537703998526,13.6537703998526,13.6537703998526,13.6537703998526,13.6537703998526,13.6537703998526,13.6537703998526,13.6537703998526,13.6537703998526,13.6537703998526,13.6537703998526,13.6537703998526
831,"GGY","Guernsey",NA,NA,NA,NA,NA,NA,NA,NA,NA,NA,NA,NA,NA,NA,NA,NA,NA,NA,NA,NA,NA,NA,NA,NA,NA,NA,NA,NA
324,"GIN","Guinea",11.2827589145233,11.2827589145233,11.2827589145233,11.2827589145233,11.2827589145233,11.2827589145233,11.2827589145233,11.2827589145233,11.2827589145233,11.2827589145233,11.2827589145233,11.2827589145233,11.2827589145233,11.2827589145233,11.2827589145233,11.2827589145233,11.2827589145233,11.2827589145233,11.2827589145233,11.2827589145233,11.2827589145233,11.2827589145233,11.2827589145233,11.2827589145233,11.2827589145233,11.2827589145233,11.2827589145233,11.2827589145233
624,"GNB","Guinea-Bissau",5.70747231393942,5.70747231393942,5.70747231393942,5.70747231393942,5.70747231393942,5.70747231393942,5.70747231393942,5.70747231393942,5.70747231393942,5.70747231393942,5.70747231393942,5.70747231393942,5.70747231393942,5.70747231393942,5.70747231393942,5.70747231393942,5.70747231393942,5.70747231393942,5.70747231393942,5.70747231393942,5.70747231393942,5.70747231393942,5.70747231393942,5.70747231393942,5.70747231393942,5.70747231393942,5.70747231393942,5.70747231393942
328,"GUY","Guyana",10.4722017458874,10.4722017458874,10.4722017458874,10.4722017458874,10.4722017458874,10.4722017458874,10.4722017458874,10.4722017458874,10.4722017458874,10.4722017458874,10.4722017458874,10.4722017458874,10.4722017458874,10.4722017458874,10.4722017458874,10.4722017458874,10.4722017458874,10.4722017458874,10.4722017458874,10.4722017458874,10.4722017458874,10.4722017458874,10.4722017458874,10.4722017458874,10.4722017458874,10.4722017458874,10.4722017458874,10.4722017458874
332,"HTI","Haiti",13.8491183564748,13.8491183564748,13.8491183564748,13.8491183564748,13.8491183564748,13.8491183564748,13.8491183564748,13.8491183564748,13.8491183564748,13.8491183564748,13.8491183564748,13.8491183564748,13.8491183564748,13.8491183564748,13.8491183564748,13.8491183564748,13.8491183564748,13.8491183564748,13.8491183564748,13.8491183564748,13.8491183564748,13.8491183564748,13.8491183564748,13.8491183564748,13.8491183564748,13.8491183564748,13.8491183564748,13.8491183564748
336,"VAT","Holy See",NA,NA,NA,NA,NA,NA,NA,NA,NA,NA,NA,NA,NA,NA,NA,NA,NA,NA,NA,NA,NA,NA,NA,NA,NA,NA,NA,NA
340,"HND","Honduras",10.8345449677694,10.8345449677694,10.8345449677694,10.8345449677694,10.8345449677694,10.8345449677694,10.8345449677694,10.8345449677694,10.8345449677694,10.8345449677694,10.8345449677694,10.8345449677694,10.8345449677694,10.8345449677694,10.8345449677694,10.8345449677694,10.8345449677694,10.8345449677694,10.8345449677694,10.8345449677694,10.8345449677694,10.8345449677694,10.8345449677694,10.8345449677694,10.8345449677694,10.8345449677694,10.8345449677694,10.8345449677694
344,"HKG","Hong Kong",17.1186233852341,17.1186233852341,17.1186233852341,17.1186233852341,17.1186233852341,17.1186233852341,17.1186233852341,17.1186233852341,17.1186233852341,17.1186233852341,17.1186233852341,17.1186233852341,17.1186233852341,17.1186233852341,17.1186233852341,17.1186233852341,17.1186233852341,17.1186233852341,17.1186233852341,17.1186233852341,17.1186233852341,17.1186233852341,17.1186233852341,17.1186233852341,17.1186233852341,17.1186233852341,17.1186233852341,17.1186233852341
348,"HUN","Hungary",NA,NA,NA,NA,NA,NA,NA,NA,NA,NA,NA,NA,NA,NA,NA,NA,NA,NA,NA,NA,NA,NA,NA,NA,NA,NA,NA,NA
352,"ISL","Iceland",22.8988295996982,22.8988295996982,22.8988295996982,22.8988295996982,22.8988295996982,22.8988295996982,22.8988295996982,22.8988295996982,22.8988295996982,22.8988295996982,22.8988295996982,22.8988295996982,22.8988295996982,22.8988295996982,22.8988295996982,22.8988295996982,22.8988295996982,22.8988295996982,22.8988295996982,22.8988295996982,22.8988295996982,22.8988295996982,22.8988295996982,22.8988295996982,22.8988295996982,22.8988295996982,22.8988295996982,22.8988295996982
356,"IND","India",11.5053269154912,11.5053269154912,11.5053269154912,11.5053269154912,11.5053269154912,11.5053269154912,11.5053269154912,11.5053269154912,11.5053269154912,11.5053269154912,11.5053269154912,11.5053269154912,11.5053269154912,11.5053269154912,11.5053269154912,11.5053269154912,11.5053269154912,11.5053269154912,11.5053269154912,11.5053269154912,11.5053269154912,11.5053269154912,11.5053269154912,11.5053269154912,11.5053269154912,11.5053269154912,11.5053269154912,11.5053269154912
360,"IDN","Indonesia",5.58238971502965,5.58238971502965,5.58238971502965,5.58238971502965,5.58238971502965,5.58238971502965,5.58238971502965,5.58238971502965,5.58238971502965,5.58238971502965,5.58238971502965,5.58238971502965,5.58238971502965,5.58238971502965,5.58238971502965,5.58238971502965,5.58238971502965,5.58238971502965,5.58238971502965,5.58238971502965,5.58238971502965,5.58238971502965,5.58238971502965,5.58238971502965,5.58238971502965,5.58238971502965,5.58238971502965,5.58238971502965
364,"IRN","Iran",5.90203358978955,5.90203358978955,5.90203358978955,5.90203358978955,5.90203358978955,5.90203358978955,5.90203358978955,5.90203358978955,5.90203358978955,5.90203358978955,5.90203358978955,5.90203358978955,5.90203358978955,5.90203358978955,5.90203358978955,5.90203358978955,5.90203358978955,5.90203358978955,5.90203358978955,5.90203358978955,5.90203358978955,5.90203358978955,5.90203358978955,5.90203358978955,5.90203358978955,5.90203358978955,5.90203358978955,5.90203358978955
368,"IRQ","Iraq",NA,NA,NA,NA,NA,NA,NA,NA,NA,NA,NA,NA,NA,NA,NA,NA,NA,NA,NA,NA,NA,NA,NA,NA,NA,NA,NA,NA
372,"IRL","Ireland",13.1361409333703,13.1361409333703,13.1361409333703,13.1361409333703,13.1361409333703,13.1361409333703,13.1361409333703,13.1361409333703,13.1361409333703,13.1361409333703,13.1361409333703,13.1361409333703,13.1361409333703,13.1361409333703,13.1361409333703,13.1361409333703,13.1361409333703,13.1361409333703,13.1361409333703,13.1361409333703,13.1361409333703,13.1361409333703,13.1361409333703,13.1361409333703,13.1361409333703,13.1361409333703,13.1361409333703,13.1361409333703
833,"IMN","Isle of Man",NA,NA,NA,NA,NA,NA,NA,NA,NA,NA,NA,NA,NA,NA,NA,NA,NA,NA,NA,NA,NA,NA,NA,NA,NA,NA,NA,NA
376,"ISR","Israel",45.8253132864912,45.8253132864912,45.8253132864912,45.8253132864912,45.8253132864912,45.8253132864912,45.8253132864912,45.8253132864912,45.8253132864912,45.8253132864912,45.8253132864912,45.8253132864912,45.8253132864912,45.8253132864912,45.8253132864912,45.8253132864912,45.8253132864912,45.8253132864912,45.8253132864912,45.8253132864912,45.8253132864912,45.8253132864912,45.8253132864912,45.8253132864912,45.8253132864912,45.8253132864912,45.8253132864912,45.8253132864912
380,"ITA","Italy",34.1801159156496,34.1801159156496,34.1801159156496,34.1801159156496,34.1801159156496,34.1801159156496,34.1801159156496,34.1801159156496,34.1801159156496,34.1801159156496,34.1801159156496,34.1801159156496,34.1801159156496,34.1801159156496,34.1801159156496,34.1801159156496,34.1801159156496,34.1801159156496,34.1801159156496,34.1801159156496,34.1801159156496,34.1801159156496,34.1801159156496,34.1801159156496,34.1801159156496,34.1801159156496,34.1801159156496,34.1801159156496
388,"JAM","Jamaica",14.190057862898,14.190057862898,14.190057862898,14.190057862898,14.190057862898,14.190057862898,14.190057862898,14.190057862898,14.190057862898,14.190057862898,14.190057862898,14.190057862898,14.190057862898,14.190057862898,14.190057862898,14.190057862898,14.190057862898,14.190057862898,14.190057862898,14.190057862898,14.190057862898,14.190057862898,14.190057862898,14.190057862898,14.190057862898,14.190057862898,14.190057862898,14.190057862898
392,"JPN","Japan",27.0678285409601,27.0678285409601,27.0678285409601,27.0678285409601,27.0678285409601,27.0678285409601,27.0678285409601,27.0678285409601,27.0678285409601,27.0678285409601,27.0678285409601,27.0678285409601,27.0678285409601,27.0678285409601,27.0678285409601,27.0678285409601,27.0678285409601,27.0678285409601,27.0678285409601,27.0678285409601,27.0678285409601,27.0678285409601,27.0678285409601,27.0678285409601,27.0678285409601,27.0678285409601,27.0678285409601,27.0678285409601
832,"JEY","Jersey",NA,NA,NA,NA,NA,NA,NA,NA,NA,NA,NA,NA,NA,NA,NA,NA,NA,NA,NA,NA,NA,NA,NA,NA,NA,NA,NA,NA
400,"JOR","Jordan",NA,NA,NA,NA,NA,NA,NA,NA,NA,NA,NA,NA,NA,NA,NA,NA,NA,NA,NA,NA,NA,NA,NA,NA,NA,NA,NA,NA
398,"KAZ","Kazakhstan",NA,NA,NA,NA,NA,NA,NA,NA,NA,NA,NA,NA,NA,NA,NA,NA,NA,NA,NA,NA,NA,NA,NA,NA,NA,NA,NA,NA
404,"KEN","Kenya",3.9043431735069,3.9043431735069,3.9043431735069,3.9043431735069,3.9043431735069,3.9043431735069,3.9043431735069,3.9043431735069,3.9043431735069,3.9043431735069,3.9043431735069,3.9043431735069,3.9043431735069,3.9043431735069,3.9043431735069,3.9043431735069,3.9043431735069,3.9043431735069,3.9043431735069,3.9043431735069,3.9043431735069,3.9043431735069,3.9043431735069,3.9043431735069,3.9043431735069,3.9043431735069,3.9043431735069,3.9043431735069
296,"KIR","Kiribati",3.85281483739725,3.85281483739725,3.85281483739725,3.85281483739725,3.85281483739725,3.85281483739725,3.85281483739725,3.85281483739725,3.85281483739725,3.85281483739725,3.85281483739725,3.85281483739725,3.85281483739725,3.85281483739725,3.85281483739725,3.85281483739725,3.85281483739725,3.85281483739725,3.85281483739725,3.85281483739725,3.85281483739725,3.85281483739725,3.85281483739725,3.85281483739725,3.85281483739725,3.85281483739725,3.85281483739725,3.85281483739725
689,"XKX","Kosovo",NA,NA,NA,NA,NA,NA,NA,NA,NA,NA,NA,NA,NA,NA,NA,NA,NA,NA,NA,NA,NA,NA,NA,NA,NA,NA,NA,NA
414,"KWT","Kuwait",18.5507268570377,18.5507268570377,18.5507268570377,18.5507268570377,18.5507268570377,18.5507268570377,18.5507268570377,18.5507268570377,18.5507268570377,18.5507268570377,18.5507268570377,18.5507268570377,18.5507268570377,18.5507268570377,18.5507268570377,18.5507268570377,18.5507268570377,18.5507268570377,18.5507268570377,18.5507268570377,18.5507268570377,18.5507268570377,18.5507268570377,18.5507268570377,18.5507268570377,18.5507268570377,18.5507268570377,18.5507268570377
417,"KGZ","Kyrgyzstan",NA,NA,NA,NA,NA,NA,NA,NA,NA,NA,NA,NA,NA,NA,NA,NA,NA,NA,NA,NA,NA,NA,NA,NA,NA,NA,NA,NA
418,"LAO","Laos",NA,NA,NA,NA,NA,NA,NA,NA,NA,NA,NA,NA,NA,NA,NA,NA,NA,NA,NA,NA,NA,NA,NA,NA,NA,NA,NA,NA
428,"LVA","Latvia",15.5268386388746,15.5268386388746,15.5268386388746,15.5268386388746,15.5268386388746,15.5268386388746,15.5268386388746,15.5268386388746,15.5268386388746,15.5268386388746,15.5268386388746,15.5268386388746,15.5268386388746,15.5268386388746,15.5268386388746,15.5268386388746,15.5268386388746,15.5268386388746,15.5268386388746,15.5268386388746,15.5268386388746,15.5268386388746,15.5268386388746,15.5268386388746,15.5268386388746,15.5268386388746,15.5268386388746,15.5268386388746
422,"LBN","Lebanon",16.0654741344725,16.0654741344725,16.0654741344725,16.0654741344725,16.0654741344725,16.0654741344725,16.0654741344725,16.0654741344725,16.0654741344725,16.0654741344725,16.0654741344725,16.0654741344725,16.0654741344725,16.0654741344725,16.0654741344725,16.0654741344725,16.0654741344725,16.0654741344725,16.0654741344725,16.0654741344725,16.0654741344725,16.0654741344725,16.0654741344725,16.0654741344725,16.0654741344725,16.0654741344725,16.0654741344725,16.0654741344725
426,"LSO","Lesotho",NA,NA,NA,NA,NA,NA,NA,NA,NA,NA,NA,NA,NA,NA,NA,NA,NA,NA,NA,NA,NA,NA,NA,NA,NA,NA,NA,NA
430,"LBR","Liberia",13.1835847260253,13.1835847260253,13.1835847260253,13.1835847260253,13.1835847260253,13.1835847260253,13.1835847260253,13.1835847260253,13.1835847260253,13.1835847260253,13.1835847260253,13.1835847260253,13.1835847260253,13.1835847260253,13.1835847260253,13.1835847260253,13.1835847260253,13.1835847260253,13.1835847260253,13.1835847260253,13.1835847260253,13.1835847260253,13.1835847260253,13.1835847260253,13.1835847260253,13.1835847260253,13.1835847260253,13.1835847260253
434,"LBY","Libya",13.7985006597841,13.7985006597841,13.7985006597841,13.7985006597841,13.7985006597841,13.7985006597841,13.7985006597841,13.7985006597841,13.7985006597841,13.7985006597841,13.7985006597841,13.7985006597841,13.7985006597841,13.7985006597841,13.7985006597841,13.7985006597841,13.7985006597841,13.7985006597841,13.7985006597841,13.7985006597841,13.7985006597841,13.7985006597841,13.7985006597841,13.7985006597841,13.7985006597841,13.7985006597841,13.7985006597841,13.7985006597841
438,"LIE","Liechtenstein",NA,NA,NA,NA,NA,NA,NA,NA,NA,NA,NA,NA,NA,NA,NA,NA,NA,NA,NA,NA,NA,NA,NA,NA,NA,NA,NA,NA
440,"LTU","Lithuania",18.990729910134,18.990729910134,18.990729910134,18.990729910134,18.990729910134,18.990729910134,18.990729910134,18.990729910134,18.990729910134,18.990729910134,18.990729910134,18.990729910134,18.990729910134,18.990729910134,18.990729910134,18.990729910134,18.990729910134,18.990729910134,18.990729910134,18.990729910134,18.990729910134,18.990729910134,18.990729910134,18.990729910134,18.990729910134,18.990729910134,18.990729910134,18.990729910134
442,"LUX","Luxembourg",NA,NA,NA,NA,NA,NA,NA,NA,NA,NA,NA,NA,NA,NA,NA,NA,NA,NA,NA,NA,NA,NA,NA,NA,NA,NA,NA,NA
446,"MAC","Macao",NA,NA,NA,NA,NA,NA,NA,NA,NA,NA,NA,NA,NA,NA,NA,NA,NA,NA,NA,NA,NA,NA,NA,NA,NA,NA,NA,NA
450,"MDG","Madagascar",8.72809591621147,8.72809591621147,8.72809591621147,8.72809591621147,8.72809591621147,8.72809591621147,8.72809591621147,8.72809591621147,8.72809591621147,8.72809591621147,8.72809591621147,8.72809591621147,8.72809591621147,8.72809591621147,8.72809591621147,8.72809591621147,8.72809591621147,8.72809591621147,8.72809591621147,8.72809591621147,8.72809591621147,8.72809591621147,8.72809591621147,8.72809591621147,8.72809591621147,8.72809591621147,8.72809591621147,8.72809591621147
454,"MWI","Malawi",NA,NA,NA,NA,NA,NA,NA,NA,NA,NA,NA,NA,NA,NA,NA,NA,NA,NA,NA,NA,NA,NA,NA,NA,NA,NA,NA,NA
458,"MYS","Malaysia",6.29008315574991,6.29008315574991,6.29008315574991,6.29008315574991,6.29008315574991,6.29008315574991,6.29008315574991,6.29008315574991,6.29008315574991,6.29008315574991,6.29008315574991,6.29008315574991,6.29008315574991,6.29008315574991,6.29008315574991,6.29008315574991,6.29008315574991,6.29008315574991,6.29008315574991,6.29008315574991,6.29008315574991,6.29008315574991,6.29008315574991,6.29008315574991,6.29008315574991,6.29008315574991,6.29008315574991,6.29008315574991
462,"MDV","Maldives",99.9999999999998,99.9999999999998,99.9999999999998,99.9999999999998,99.9999999999998,99.9999999999998,99.9999999999998,99.9999999999998,99.9999999999998,99.9999999999998,99.9999999999998,99.9999999999998,99.9999999999998,99.9999999999998,99.9999999999998,99.9999999999998,99.9999999999998,99.9999999999998,99.9999999999998,99.9999999999998,99.9999999999998,99.9999999999998,99.9999999999998,99.9999999999998,99.9999999999998,99.9999999999998,99.9999999999998,99.9999999999998
466,"MLI","Mali",NA,NA,NA,NA,NA,NA,NA,NA,NA,NA,NA,NA,NA,NA,NA,NA,NA,NA,NA,NA,NA,NA,NA,NA,NA,NA,NA,NA
470,"MLT","Malta",99.9999999999998,99.9999999999998,99.9999999999998,99.9999999999998,99.9999999999998,99.9999999999998,99.9999999999998,99.9999999999998,99.9999999999998,99.9999999999998,99.9999999999998,99.9999999999998,99.9999999999998,99.9999999999998,99.9999999999998,99.9999999999998,99.9999999999998,99.9999999999998,99.9999999999998,99.9999999999998,99.9999999999998,99.9999999999998,99.9999999999998,99.9999999999998,99.9999999999998,99.9999999999998,99.9999999999998,99.9999999999998
584,"MHL","Marshall Islands",7.60194325444435,7.60194325444435,7.60194325444435,7.60194325444435,7.60194325444435,7.60194325444435,7.60194325444435,7.60194325444435,7.60194325444435,7.60194325444435,7.60194325444435,7.60194325444435,7.60194325444435,7.60194325444435,7.60194325444435,7.60194325444435,7.60194325444435,7.60194325444435,7.60194325444435,7.60194325444435,7.60194325444435,7.60194325444435,7.60194325444435,7.60194325444435,7.60194325444435,7.60194325444435,7.60194325444435,7.60194325444435
478,"MRT","Mauritania",3.65015511514288,3.65015511514288,3.65015511514288,3.65015511514288,3.65015511514288,3.65015511514288,3.65015511514288,3.65015511514288,3.65015511514288,3.65015511514288,3.65015511514288,3.65015511514288,3.65015511514288,3.65015511514288,3.65015511514288,3.65015511514288,3.65015511514288,3.65015511514288,3.65015511514288,3.65015511514288,3.65015511514288,3.65015511514288,3.65015511514288,3.65015511514288,3.65015511514288,3.65015511514288,3.65015511514288,3.65015511514288
480,"MUS","Mauritius",28.548680768397,28.548680768397,28.548680768397,28.548680768397,28.548680768397,28.548680768397,28.548680768397,28.548680768397,28.548680768397,28.548680768397,28.548680768397,28.548680768397,28.548680768397,28.548680768397,28.548680768397,28.548680768397,28.548680768397,28.548680768397,28.548680768397,28.548680768397,28.548680768397,28.548680768397,28.548680768397,28.548680768397,28.548680768397,28.548680768397,28.548680768397,28.548680768397
484,"MEX","Mexico",11.6089524649824,11.6089524649824,11.6089524649824,11.6089524649824,11.6089524649824,11.6089524649824,11.6089524649824,11.6089524649824,11.6089524649824,11.6089524649824,11.6089524649824,11.6089524649824,11.6089524649824,11.6089524649824,11.6089524649824,11.6089524649824,11.6089524649824,11.6089524649824,11.6089524649824,11.6089524649824,11.6089524649824,11.6089524649824,11.6089524649824,11.6089524649824,11.6089524649824,11.6089524649824,11.6089524649824,11.6089524649824
583,"FSM","Micronesia",NA,NA,NA,NA,NA,NA,NA,NA,NA,NA,NA,NA,NA,NA,NA,NA,NA,NA,NA,NA,NA,NA,NA,NA,NA,NA,NA,NA
498,"MDA","Moldova",NA,NA,NA,NA,NA,NA,NA,NA,NA,NA,NA,NA,NA,NA,NA,NA,NA,NA,NA,NA,NA,NA,NA,NA,NA,NA,NA,NA
492,"MCO","Monaco",NA,NA,NA,NA,NA,NA,NA,NA,NA,NA,NA,NA,NA,NA,NA,NA,NA,NA,NA,NA,NA,NA,NA,NA,NA,NA,NA,NA
496,"MNG","Mongolia",NA,NA,NA,NA,NA,NA,NA,NA,NA,NA,NA,NA,NA,NA,NA,NA,NA,NA,NA,NA,NA,NA,NA,NA,NA,NA,NA,NA
499,"MNE","Montenegro",19.7390046811696,19.7390046811696,19.7390046811696,19.7390046811696,19.7390046811696,19.7390046811696,19.7390046811696,19.7390046811696,19.7390046811696,19.7390046811696,19.7390046811696,19.7390046811696,19.7390046811696,19.7390046811696,19.7390046811696,19.7390046811696,19.7390046811696,19.7390046811696,19.7390046811696,19.7390046811696,19.7390046811696,19.7390046811696,19.7390046811696,19.7390046811696,19.7390046811696,19.7390046811696,19.7390046811696,19.7390046811696
504,"MAR","Morocco",11.555506097655,11.555506097655,11.555506097655,11.555506097655,11.555506097655,11.555506097655,11.555506097655,11.555506097655,11.555506097655,11.555506097655,11.555506097655,11.555506097655,11.555506097655,11.555506097655,11.555506097655,11.555506097655,11.555506097655,11.555506097655,11.555506097655,11.555506097655,11.555506097655,11.555506097655,11.555506097655,11.555506097655,11.555506097655,11.555506097655,11.555506097655,11.555506097655
508,"MOZ","Mozambique",15.3149061011616,15.3149061011616,15.3149061011616,15.3149061011616,15.3149061011616,15.3149061011616,15.3149061011616,15.3149061011616,15.3149061011616,15.3149061011616,15.3149061011616,15.3149061011616,15.3149061011616,15.3149061011616,15.3149061011616,15.3149061011616,15.3149061011616,15.3149061011616,15.3149061011616,15.3149061011616,15.3149061011616,15.3149061011616,15.3149061011616,15.3149061011616,15.3149061011616,15.3149061011616,15.3149061011616,15.3149061011616
104,"MMR","Myanmar",7.55289146350911,7.55289146350911,7.55289146350911,7.55289146350911,7.55289146350911,7.55289146350911,7.55289146350911,7.55289146350911,7.55289146350911,7.55289146350911,7.55289146350911,7.55289146350911,7.55289146350911,7.55289146350911,7.55289146350911,7.55289146350911,7.55289146350911,7.55289146350911,7.55289146350911,7.55289146350911,7.55289146350911,7.55289146350911,7.55289146350911,7.55289146350911,7.55289146350911,7.55289146350911,7.55289146350911,7.55289146350911
516,"NAM","Namibia",6.24269780134742,6.24269780134742,6.24269780134742,6.24269780134742,6.24269780134742,6.24269780134742,6.24269780134742,6.24269780134742,6.24269780134742,6.24269780134742,6.24269780134742,6.24269780134742,6.24269780134742,6.24269780134742,6.24269780134742,6.24269780134742,6.24269780134742,6.24269780134742,6.24269780134742,6.24269780134742,6.24269780134742,6.24269780134742,6.24269780134742,6.24269780134742,6.24269780134742,6.24269780134742,6.24269780134742,6.24269780134742
520,"NRU","Nauru",NA,NA,NA,NA,NA,NA,NA,NA,NA,NA,NA,NA,NA,NA,NA,NA,NA,NA,NA,NA,NA,NA,NA,NA,NA,NA,NA,NA
524,"NPL","Nepal",NA,NA,NA,NA,NA,NA,NA,NA,NA,NA,NA,NA,NA,NA,NA,NA,NA,NA,NA,NA,NA,NA,NA,NA,NA,NA,NA,NA
528,"NLD","Netherlands",20.3084527803127,20.3084527803127,20.3084527803127,20.3084527803127,20.3084527803127,20.3084527803127,20.3084527803127,20.3084527803127,20.3084527803127,20.3084527803127,20.3084527803127,20.3084527803127,20.3084527803127,20.3084527803127,20.3084527803127,20.3084527803127,20.3084527803127,20.3084527803127,20.3084527803127,20.3084527803127,20.3084527803127,20.3084527803127,20.3084527803127,20.3084527803127,20.3084527803127,20.3084527803127,20.3084527803127,20.3084527803127
540,"NCL","New Caledonia",NA,NA,NA,NA,NA,NA,NA,NA,NA,NA,NA,NA,NA,NA,NA,NA,NA,NA,NA,NA,NA,NA,NA,NA,NA,NA,NA,NA
554,"NZL","New Zealand",10.9025547549785,10.9025547549785,10.9025547549785,10.9025547549785,10.9025547549785,10.9025547549785,10.9025547549785,10.9025547549785,10.9025547549785,10.9025547549785,10.9025547549785,10.9025547549785,10.9025547549785,10.9025547549785,10.9025547549785,10.9025547549785,10.9025547549785,10.9025547549785,10.9025547549785,10.9025547549785,10.9025547549785,10.9025547549785,10.9025547549785,10.9025547549785,10.9025547549785,10.9025547549785,10.9025547549785,10.9025547549785
558,"NIC","Nicaragua",5.76483973468709,5.76483973468709,5.76483973468709,5.76483973468709,5.76483973468709,5.76483973468709,5.76483973468709,5.76483973468709,5.76483973468709,5.76483973468709,5.76483973468709,5.76483973468709,5.76483973468709,5.76483973468709,5.76483973468709,5.76483973468709,5.76483973468709,5.76483973468709,5.76483973468709,5.76483973468709,5.76483973468709,5.76483973468709,5.76483973468709,5.76483973468709,5.76483973468709,5.76483973468709,5.76483973468709,5.76483973468709
562,"NER","Niger",NA,NA,NA,NA,NA,NA,NA,NA,NA,NA,NA,NA,NA,NA,NA,NA,NA,NA,NA,NA,NA,NA,NA,NA,NA,NA,NA,NA
566,"NGA","Nigeria",6.21651028254314,6.21651028254314,6.21651028254314,6.21651028254314,6.21651028254314,6.21651028254314,6.21651028254314,6.21651028254314,6.21651028254314,6.21651028254314,6.21651028254314,6.21651028254314,6.21651028254314,6.21651028254314,6.21651028254314,6.21651028254314,6.21651028254314,6.21651028254314,6.21651028254314,6.21651028254314,6.21651028254314,6.21651028254314,6.21651028254314,6.21651028254314,6.21651028254314,6.21651028254314,6.21651028254314,6.21651028254314
570,"NIU","Niue",NA,NA,NA,NA,NA,NA,NA,NA,NA,NA,NA,NA,NA,NA,NA,NA,NA,NA,NA,NA,NA,NA,NA,NA,NA,NA,NA,NA
408,"PRK","North Korea",17.5251623401894,17.5251623401894,17.5251623401894,17.5251623401894,17.5251623401894,17.5251623401894,17.5251623401894,17.5251623401894,17.5251623401894,17.5251623401894,17.5251623401894,17.5251623401894,17.5251623401894,17.5251623401894,17.5251623401894,17.5251623401894,17.5251623401894,17.5251623401894,17.5251623401894,17.5251623401894,17.5251623401894,17.5251623401894,17.5251623401894,17.5251623401894,17.5251623401894,17.5251623401894,17.5251623401894,17.5251623401894
807,"MKD","North Macedonia",NA,NA,NA,NA,NA,NA,NA,NA,NA,NA,NA,NA,NA,NA,NA,NA,NA,NA,NA,NA,NA,NA,NA,NA,NA,NA,NA,NA
578,"NOR","Norway",71.8812039407121,71.8812039407121,71.8812039407121,71.8812039407121,71.8812039407121,71.8812039407121,71.8812039407121,71.8812039407121,71.8812039407121,71.8812039407121,71.8812039407121,71.8812039407121,71.8812039407121,71.8812039407121,71.8812039407121,71.8812039407121,71.8812039407121,71.8812039407121,71.8812039407121,71.8812039407121,71.8812039407121,71.8812039407121,71.8812039407121,71.8812039407121,71.8812039407121,71.8812039407121,71.8812039407121,71.8812039407121
512,"OMN","Oman",10.1605762202654,10.1605762202654,10.1605762202654,10.1605762202654,10.1605762202654,10.1605762202654,10.1605762202654,10.1605762202654,10.1605762202654,10.1605762202654,10.1605762202654,10.1605762202654,10.1605762202654,10.1605762202654,10.1605762202654,10.1605762202654,10.1605762202654,10.1605762202654,10.1605762202654,10.1605762202654,10.1605762202654,10.1605762202654,10.1605762202654,10.1605762202654,10.1605762202654,10.1605762202654,10.1605762202654,10.1605762202654
586,"PAK","Pakistan",25.3439169673152,25.3439169673152,25.3439169673152,25.3439169673152,25.3439169673152,25.3439169673152,25.3439169673152,25.3439169673152,25.3439169673152,25.3439169673152,25.3439169673152,25.3439169673152,25.3439169673152,25.3439169673152,25.3439169673152,25.3439169673152,25.3439169673152,25.3439169673152,25.3439169673152,25.3439169673152,25.3439169673152,25.3439169673152,25.3439169673152,25.3439169673152,25.3439169673152,25.3439169673152,25.3439169673152,25.3439169673152
585,"PLW","Palau",52.9739437447055,52.9739437447055,52.9739437447055,52.9739437447055,52.9739437447055,52.9739437447055,52.9739437447055,52.9739437447055,52.9739437447055,52.9739437447055,52.9739437447055,52.9739437447055,52.9739437447055,52.9739437447055,52.9739437447055,52.9739437447055,52.9739437447055,52.9739437447055,52.9739437447055,52.9739437447055,52.9739437447055,52.9739437447055,52.9739437447055,52.9739437447055,52.9739437447055,52.9739437447055,52.9739437447055,52.9739437447055
591,"PAN","Panama",5.89983551964056,5.89983551964056,5.89983551964056,5.89983551964056,5.89983551964056,5.89983551964056,5.89983551964056,5.89983551964056,5.89983551964056,5.89983551964056,5.89983551964056,5.89983551964056,5.89983551964056,5.89983551964056,5.89983551964056,5.89983551964056,5.89983551964056,5.89983551964056,5.89983551964056,5.89983551964056,5.89983551964056,5.89983551964056,5.89983551964056,5.89983551964056,5.89983551964056,5.89983551964056,5.89983551964056,5.89983551964056
598,"PNG","Papua New Guinea",8.18765106123048,8.18765106123048,8.18765106123048,8.18765106123048,8.18765106123048,8.18765106123048,8.18765106123048,8.18765106123048,8.18765106123048,8.18765106123048,8.18765106123048,8.18765106123048,8.18765106123048,8.18765106123048,8.18765106123048,8.18765106123048,8.18765106123048,8.18765106123048,8.18765106123048,8.18765106123048,8.18765106123048,8.18765106123048,8.18765106123048,8.18765106123048,8.18765106123048,8.18765106123048,8.18765106123048,8.18765106123048
600,"PRY","Paraguay",NA,NA,NA,NA,NA,NA,NA,NA,NA,NA,NA,NA,NA,NA,NA,NA,NA,NA,NA,NA,NA,NA,NA,NA,NA,NA,NA,NA
604,"PER","Peru",8.95955480218072,8.95955480218072,8.95955480218072,8.95955480218072,8.95955480218072,8.95955480218072,8.95955480218072,8.95955480218072,8.95955480218072,8.95955480218072,8.95955480218072,8.95955480218072,8.95955480218072,8.95955480218072,8.95955480218072,8.95955480218072,8.95955480218072,8.95955480218072,8.95955480218072,8.95955480218072,8.95955480218072,8.95955480218072,8.95955480218072,8.95955480218072,8.95955480218072,8.95955480218072,8.95955480218072,8.95955480218072
608,"PHL","Philippines",38.6571882291004,38.6571882291004,38.6571882291004,38.6571882291004,38.6571882291004,38.6571882291004,38.6571882291004,38.6571882291004,38.6571882291004,38.6571882291004,38.6571882291004,38.6571882291004,38.6571882291004,38.6571882291004,38.6571882291004,38.6571882291004,38.6571882291004,38.6571882291004,38.6571882291004,38.6571882291004,38.6571882291004,38.6571882291004,38.6571882291004,38.6571882291004,38.6571882291004,38.6571882291004,38.6571882291004,38.6571882291004
616,"POL","Poland",16.5937198725893,16.5937198725893,16.5937198725893,16.5937198725893,16.5937198725893,16.5937198725893,16.5937198725893,16.5937198725893,16.5937198725893,16.5937198725893,16.5937198725893,16.5937198725893,16.5937198725893,16.5937198725893,16.5937198725893,16.5937198725893,16.5937198725893,16.5937198725893,16.5937198725893,16.5937198725893,16.5937198725893,16.5937198725893,16.5937198725893,16.5937198725893,16.5937198725893,16.5937198725893,16.5937198725893,16.5937198725893
620,"PRT","Portugal",32.9673578055535,32.9673578055535,32.9673578055535,32.9673578055535,32.9673578055535,32.9673578055535,32.9673578055535,32.9673578055535,32.9673578055535,32.9673578055535,32.9673578055535,32.9673578055535,32.9673578055535,32.9673578055535,32.9673578055535,32.9673578055535,32.9673578055535,32.9673578055535,32.9673578055535,32.9673578055535,32.9673578055535,32.9673578055535,32.9673578055535,32.9673578055535,32.9673578055535,32.9673578055535,32.9673578055535,32.9673578055535
634,"QAT","Qatar",5.72952544461801,5.72952544461801,5.72952544461801,5.72952544461801,5.72952544461801,5.72952544461801,5.72952544461801,5.72952544461801,5.72952544461801,5.72952544461801,5.72952544461801,5.72952544461801,5.72952544461801,5.72952544461801,5.72952544461801,5.72952544461801,5.72952544461801,5.72952544461801,5.72952544461801,5.72952544461801,5.72952544461801,5.72952544461801,5.72952544461801,5.72952544461801,5.72952544461801,5.72952544461801,5.72952544461801,5.72952544461801
178,"COG","Republic of Congo",10.0933417189876,10.0933417189876,10.0933417189876,10.0933417189876,10.0933417189876,10.0933417189876,10.0933417189876,10.0933417189876,10.0933417189876,10.0933417189876,10.0933417189876,10.0933417189876,10.0933417189876,10.0933417189876,10.0933417189876,10.0933417189876,10.0933417189876,10.0933417189876,10.0933417189876,10.0933417189876,10.0933417189876,10.0933417189876,10.0933417189876,10.0933417189876,10.0933417189876,10.0933417189876,10.0933417189876,10.0933417189876
642,"ROU","Romania",99.9999999999998,99.9999999999998,99.9999999999998,99.9999999999998,99.9999999999998,99.9999999999998,99.9999999999998,99.9999999999998,99.9999999999998,99.9999999999998,99.9999999999998,99.9999999999998,99.9999999999998,99.9999999999998,99.9999999999998,99.9999999999998,99.9999999999998,99.9999999999998,99.9999999999998,99.9999999999998,99.9999999999998,99.9999999999998,99.9999999999998,99.9999999999998,99.9999999999998,99.9999999999998,99.9999999999998,99.9999999999998
643,"RUS","Russia",10.048178353487,10.048178353487,10.048178353487,10.048178353487,10.048178353487,10.048178353487,10.048178353487,10.048178353487,10.048178353487,10.048178353487,10.048178353487,10.048178353487,10.048178353487,10.048178353487,10.048178353487,10.048178353487,10.048178353487,10.048178353487,10.048178353487,10.048178353487,10.048178353487,10.048178353487,10.048178353487,10.048178353487,10.048178353487,10.048178353487,10.048178353487,10.048178353487
646,"RWA","Rwanda",NA,NA,NA,NA,NA,NA,NA,NA,NA,NA,NA,NA,NA,NA,NA,NA,NA,NA,NA,NA,NA,NA,NA,NA,NA,NA,NA,NA
652,"BLM","Saint Barthelemy",10.138589982122,10.138589982122,10.138589982122,10.138589982122,10.138589982122,10.138589982122,10.138589982122,10.138589982122,10.138589982122,10.138589982122,10.138589982122,10.138589982122,10.138589982122,10.138589982122,10.138589982122,10.138589982122,10.138589982122,10.138589982122,10.138589982122,10.138589982122,10.138589982122,10.138589982122,10.138589982122,10.138589982122,10.138589982122,10.138589982122,10.138589982122,10.138589982122
659,"KNA","Saint Kitts and Nevis",99.9999999999998,99.9999999999998,99.9999999999998,99.9999999999998,99.9999999999998,99.9999999999998,99.9999999999998,99.9999999999998,99.9999999999998,99.9999999999998,99.9999999999998,99.9999999999998,99.9999999999998,99.9999999999998,99.9999999999998,99.9999999999998,99.9999999999998,99.9999999999998,99.9999999999998,99.9999999999998,99.9999999999998,99.9999999999998,99.9999999999998,99.9999999999998,99.9999999999998,99.9999999999998,99.9999999999998,99.9999999999998
662,"LCA","Saint Lucia",16.2698651495727,16.2698651495727,16.2698651495727,16.2698651495727,16.2698651495727,16.2698651495727,16.2698651495727,16.2698651495727,16.2698651495727,16.2698651495727,16.2698651495727,16.2698651495727,16.2698651495727,16.2698651495727,16.2698651495727,16.2698651495727,16.2698651495727,16.2698651495727,16.2698651495727,16.2698651495727,16.2698651495727,16.2698651495727,16.2698651495727,16.2698651495727,16.2698651495727,16.2698651495727,16.2698651495727,16.2698651495727
670,"VCT","Saint Vincent and the Grenadines",99.9999999999998,99.9999999999998,99.9999999999998,99.9999999999998,99.9999999999998,99.9999999999998,99.9999999999998,99.9999999999998,99.9999999999998,99.9999999999998,99.9999999999998,99.9999999999998,99.9999999999998,99.9999999999998,99.9999999999998,99.9999999999998,99.9999999999998,99.9999999999998,99.9999999999998,99.9999999999998,99.9999999999998,99.9999999999998,99.9999999999998,99.9999999999998,99.9999999999998,99.9999999999998,99.9999999999998,99.9999999999998
882,"WSM","Samoa",20.7283716032665,20.7283716032665,20.7283716032665,20.7283716032665,20.7283716032665,20.7283716032665,20.7283716032665,20.7283716032665,20.7283716032665,20.7283716032665,20.7283716032665,20.7283716032665,20.7283716032665,20.7283716032665,20.7283716032665,20.7283716032665,20.7283716032665,20.7283716032665,20.7283716032665,20.7283716032665,20.7283716032665,20.7283716032665,20.7283716032665,20.7283716032665,20.7283716032665,20.7283716032665,20.7283716032665,20.7283716032665
674,"SMR","San Marino",NA,NA,NA,NA,NA,NA,NA,NA,NA,NA,NA,NA,NA,NA,NA,NA,NA,NA,NA,NA,NA,NA,NA,NA,NA,NA,NA,NA
678,"STP","Sao Tome and Principe",15.9266406377932,15.9266406377932,15.9266406377932,15.9266406377932,15.9266406377932,15.9266406377932,15.9266406377932,15.9266406377932,15.9266406377932,15.9266406377932,15.9266406377932,15.9266406377932,15.9266406377932,15.9266406377932,15.9266406377932,15.9266406377932,15.9266406377932,15.9266406377932,15.9266406377932,15.9266406377932,15.9266406377932,15.9266406377932,15.9266406377932,15.9266406377932,15.9266406377932,15.9266406377932,15.9266406377932,15.9266406377932
682,"SAU","Saudi Arabia",8.06888136192026,8.06888136192026,8.06888136192026,8.06888136192026,8.06888136192026,8.06888136192026,8.06888136192026,8.06888136192026,8.06888136192026,8.06888136192026,8.06888136192026,8.06888136192026,8.06888136192026,8.06888136192026,8.06888136192026,8.06888136192026,8.06888136192026,8.06888136192026,8.06888136192026,8.06888136192026,8.06888136192026,8.06888136192026,8.06888136192026,8.06888136192026,8.06888136192026,8.06888136192026,8.06888136192026,8.06888136192026
686,"SEN","Senegal",15.8604313760094,15.8604313760094,15.8604313760094,15.8604313760094,15.8604313760094,15.8604313760094,15.8604313760094,15.8604313760094,15.8604313760094,15.8604313760094,15.8604313760094,15.8604313760094,15.8604313760094,15.8604313760094,15.8604313760094,15.8604313760094,15.8604313760094,15.8604313760094,15.8604313760094,15.8604313760094,15.8604313760094,15.8604313760094,15.8604313760094,15.8604313760094,15.8604313760094,15.8604313760094,15.8604313760094,15.8604313760094
688,"SRB","Serbia",NA,NA,NA,NA,NA,NA,NA,NA,NA,NA,NA,NA,NA,NA,NA,NA,NA,NA,NA,NA,NA,NA,NA,NA,NA,NA,NA,NA
690,"SYC","Seychelles",13.4747708625,13.4747708625,13.4747708625,13.4747708625,13.4747708625,13.4747708625,13.4747708625,13.4747708625,13.4747708625,13.4747708625,13.4747708625,13.4747708625,13.4747708625,13.4747708625,13.4747708625,13.4747708625,13.4747708625,13.4747708625,13.4747708625,13.4747708625,13.4747708625,13.4747708625,13.4747708625,13.4747708625,13.4747708625,13.4747708625,13.4747708625,13.4747708625
694,"SLE","Sierra Leone",3.3745312628747,3.3745312628747,3.3745312628747,3.3745312628747,3.3745312628747,3.3745312628747,3.3745312628747,3.3745312628747,3.3745312628747,3.3745312628747,3.3745312628747,3.3745312628747,3.3745312628747,3.3745312628747,3.3745312628747,3.3745312628747,3.3745312628747,3.3745312628747,3.3745312628747,3.3745312628747,3.3745312628747,3.3745312628747,3.3745312628747,3.3745312628747,3.3745312628747,3.3745312628747,3.3745312628747,3.3745312628747
702,"SGP","Singapore",99.9999999999998,99.9999999999998,99.9999999999998,99.9999999999998,99.9999999999998,99.9999999999998,99.9999999999998,99.9999999999998,99.9999999999998,99.9999999999998,99.9999999999998,99.9999999999998,99.9999999999998,99.9999999999998,99.9999999999998,99.9999999999998,99.9999999999998,99.9999999999998,99.9999999999998,99.9999999999998,99.9999999999998,99.9999999999998,99.9999999999998,99.9999999999998,99.9999999999998,99.9999999999998,99.9999999999998,99.9999999999998
534,"SXM","Sint Maarten",0,0,0,0,0,0,0,0,0,0,0,0,0,0,0,0,0,0,0,0,0,0,0,0,0,0,0,0
703,"SVK","Slovakia",NA,NA,NA,NA,NA,NA,NA,NA,NA,NA,NA,NA,NA,NA,NA,NA,NA,NA,NA,NA,NA,NA,NA,NA,NA,NA,NA,NA
705,"SVN","Slovenia",NA,NA,NA,NA,NA,NA,NA,NA,NA,NA,NA,NA,NA,NA,NA,NA,NA,NA,NA,NA,NA,NA,NA,NA,NA,NA,NA,NA
90,"SLB","Solomon Islands",17.0907271038333,17.0907271038333,17.0907271038333,17.0907271038333,17.0907271038333,17.0907271038333,17.0907271038333,17.0907271038333,17.0907271038333,17.0907271038333,17.0907271038333,17.0907271038333,17.0907271038333,17.0907271038333,17.0907271038333,17.0907271038333,17.0907271038333,17.0907271038333,17.0907271038333,17.0907271038333,17.0907271038333,17.0907271038333,17.0907271038333,17.0907271038333,17.0907271038333,17.0907271038333,17.0907271038333,17.0907271038333
706,"SOM","Somalia",8.70450049122194,8.70450049122194,8.70450049122194,8.70450049122194,8.70450049122194,8.70450049122194,8.70450049122194,8.70450049122194,8.70450049122194,8.70450049122194,8.70450049122194,8.70450049122194,8.70450049122194,8.70450049122194,8.70450049122194,8.70450049122194,8.70450049122194,8.70450049122194,8.70450049122194,8.70450049122194,8.70450049122194,8.70450049122194,8.70450049122194,8.70450049122194,8.70450049122194,8.70450049122194,8.70450049122194,8.70450049122194
710,"ZAF","South Africa",45.909990737697,45.909990737697,45.909990737697,45.909990737697,45.909990737697,45.909990737697,45.909990737697,45.909990737697,45.909990737697,45.909990737697,45.909990737697,45.909990737697,45.909990737697,45.909990737697,45.909990737697,45.909990737697,45.909990737697,45.909990737697,45.909990737697,45.909990737697,45.909990737697,45.909990737697,45.909990737697,45.909990737697,45.909990737697,45.909990737697,45.909990737697,45.909990737697
410,"KOR","South Korea",16.601939100027,16.601939100027,16.601939100027,16.601939100027,16.601939100027,16.601939100027,16.601939100027,16.601939100027,16.601939100027,16.601939100027,16.601939100027,16.601939100027,16.601939100027,16.601939100027,16.601939100027,16.601939100027,16.601939100027,16.601939100027,16.601939100027,16.601939100027,16.601939100027,16.601939100027,16.601939100027,16.601939100027,16.601939100027,16.601939100027,16.601939100027,16.601939100027
728,"SSD","South Sudan",NA,NA,NA,NA,NA,NA,NA,NA,NA,NA,NA,NA,NA,NA,NA,NA,NA,NA,NA,NA,NA,NA,NA,NA,NA,NA,NA,NA
724,"ESP","Spain",21.2999696354065,21.2999696354065,21.2999696354065,21.2999696354065,21.2999696354065,21.2999696354065,21.2999696354065,21.2999696354065,21.2999696354065,21.2999696354065,21.2999696354065,21.2999696354065,21.2999696354065,21.2999696354065,21.2999696354065,21.2999696354065,21.2999696354065,21.2999696354065,21.2999696354065,21.2999696354065,21.2999696354065,21.2999696354065,21.2999696354065,21.2999696354065,21.2999696354065,21.2999696354065,21.2999696354065,21.2999696354065
144,"LKA","Sri Lanka",20.0668036267008,20.0668036267008,20.0668036267008,20.0668036267008,20.0668036267008,20.0668036267008,20.0668036267008,20.0668036267008,20.0668036267008,20.0668036267008,20.0668036267008,20.0668036267008,20.0668036267008,20.0668036267008,20.0668036267008,20.0668036267008,20.0668036267008,20.0668036267008,20.0668036267008,20.0668036267008,20.0668036267008,20.0668036267008,20.0668036267008,20.0668036267008,20.0668036267008,20.0668036267008,20.0668036267008,20.0668036267008
275,"PSE","State of Palestine",5.15046009787812,5.15046009787812,5.15046009787812,5.15046009787812,5.15046009787812,5.15046009787812,5.15046009787812,5.15046009787812,5.15046009787812,5.15046009787812,5.15046009787812,5.15046009787812,5.15046009787812,5.15046009787812,5.15046009787812,5.15046009787812,5.15046009787812,5.15046009787812,5.15046009787812,5.15046009787812,5.15046009787812,5.15046009787812,5.15046009787812,5.15046009787812,5.15046009787812,5.15046009787812,5.15046009787812,5.15046009787812
729,"SDN","Sudan",15.6929652418792,15.6929652418792,15.6929652418792,15.6929652418792,15.6929652418792,15.6929652418792,15.6929652418792,15.6929652418792,15.6929652418792,15.6929652418792,15.6929652418792,15.6929652418792,15.6929652418792,15.6929652418792,15.6929652418792,15.6929652418792,15.6929652418792,15.6929652418792,15.6929652418792,15.6929652418792,15.6929652418792,15.6929652418792,15.6929652418792,15.6929652418792,15.6929652418792,15.6929652418792,15.6929652418792,15.6929652418792
740,"SUR","Suriname",28.8145925149874,28.8145925149874,28.8145925149874,28.8145925149874,28.8145925149874,28.8145925149874,28.8145925149874,28.8145925149874,28.8145925149874,28.8145925149874,28.8145925149874,28.8145925149874,28.8145925149874,28.8145925149874,28.8145925149874,28.8145925149874,28.8145925149874,28.8145925149874,28.8145925149874,28.8145925149874,28.8145925149874,28.8145925149874,28.8145925149874,28.8145925149874,28.8145925149874,28.8145925149874,28.8145925149874,28.8145925149874
752,"SWE","Sweden",19.7579457484849,19.7579457484849,19.7579457484849,19.7579457484849,19.7579457484849,19.7579457484849,19.7579457484849,19.7579457484849,19.7579457484849,19.7579457484849,19.7579457484849,19.7579457484849,19.7579457484849,19.7579457484849,19.7579457484849,19.7579457484849,19.7579457484849,19.7579457484849,19.7579457484849,19.7579457484849,19.7579457484849,19.7579457484849,19.7579457484849,19.7579457484849,19.7579457484849,19.7579457484849,19.7579457484849,19.7579457484849
756,"CHE","Switzerland",NA,NA,NA,NA,NA,NA,NA,NA,NA,NA,NA,NA,NA,NA,NA,NA,NA,NA,NA,NA,NA,NA,NA,NA,NA,NA,NA,NA
760,"SYR","Syria",15.4265939319555,15.4265939319555,15.4265939319555,15.4265939319555,15.4265939319555,15.4265939319555,15.4265939319555,15.4265939319555,15.4265939319555,15.4265939319555,15.4265939319555,15.4265939319555,15.4265939319555,15.4265939319555,15.4265939319555,15.4265939319555,15.4265939319555,15.4265939319555,15.4265939319555,15.4265939319555,15.4265939319555,15.4265939319555,15.4265939319555,15.4265939319555,15.4265939319555,15.4265939319555,15.4265939319555,15.4265939319555
158,"TWN","Taiwan",16.1610181055248,16.1610181055248,16.1610181055248,16.1610181055248,16.1610181055248,16.1610181055248,16.1610181055248,16.1610181055248,16.1610181055248,16.1610181055248,16.1610181055248,16.1610181055248,16.1610181055248,16.1610181055248,16.1610181055248,16.1610181055248,16.1610181055248,16.1610181055248,16.1610181055248,16.1610181055248,16.1610181055248,16.1610181055248,16.1610181055248,16.1610181055248,16.1610181055248,16.1610181055248,16.1610181055248,16.1610181055248
762,"TJK","Tajikistan",NA,NA,NA,NA,NA,NA,NA,NA,NA,NA,NA,NA,NA,NA,NA,NA,NA,NA,NA,NA,NA,NA,NA,NA,NA,NA,NA,NA
834,"TZA","Tanzania",10.7977374561955,10.7977374561955,10.7977374561955,10.7977374561955,10.7977374561955,10.7977374561955,10.7977374561955,10.7977374561955,10.7977374561955,10.7977374561955,10.7977374561955,10.7977374561955,10.7977374561955,10.7977374561955,10.7977374561955,10.7977374561955,10.7977374561955,10.7977374561955,10.7977374561955,10.7977374561955,10.7977374561955,10.7977374561955,10.7977374561955,10.7977374561955,10.7977374561955,10.7977374561955,10.7977374561955,10.7977374561955
764,"THA","Thailand",15.2745239290546,15.2745239290546,15.2745239290546,15.2745239290546,15.2745239290546,15.2745239290546,15.2745239290546,15.2745239290546,15.2745239290546,15.2745239290546,15.2745239290546,15.2745239290546,15.2745239290546,15.2745239290546,15.2745239290546,15.2745239290546,15.2745239290546,15.2745239290546,15.2745239290546,15.2745239290546,15.2745239290546,15.2745239290546,15.2745239290546,15.2745239290546,15.2745239290546,15.2745239290546,15.2745239290546,15.2745239290546
626,"TLS","Timor-Leste",18.5425761292597,18.5425761292597,18.5425761292597,18.5425761292597,18.5425761292597,18.5425761292597,18.5425761292597,18.5425761292597,18.5425761292597,18.5425761292597,18.5425761292597,18.5425761292597,18.5425761292597,18.5425761292597,18.5425761292597,18.5425761292597,18.5425761292597,18.5425761292597,18.5425761292597,18.5425761292597,18.5425761292597,18.5425761292597,18.5425761292597,18.5425761292597,18.5425761292597,18.5425761292597,18.5425761292597,18.5425761292597
768,"TGO","Togo",2.32017934333444,2.32017934333444,2.32017934333444,2.32017934333444,2.32017934333444,2.32017934333444,2.32017934333444,2.32017934333444,2.32017934333444,2.32017934333444,2.32017934333444,2.32017934333444,2.32017934333444,2.32017934333444,2.32017934333444,2.32017934333444,2.32017934333444,2.32017934333444,2.32017934333444,2.32017934333444,2.32017934333444,2.32017934333444,2.32017934333444,2.32017934333444,2.32017934333444,2.32017934333444,2.32017934333444,2.32017934333444
776,"TON","Tonga",9.53290930430283,9.53290930430283,9.53290930430283,9.53290930430283,9.53290930430283,9.53290930430283,9.53290930430283,9.53290930430283,9.53290930430283,9.53290930430283,9.53290930430283,9.53290930430283,9.53290930430283,9.53290930430283,9.53290930430283,9.53290930430283,9.53290930430283,9.53290930430283,9.53290930430283,9.53290930430283,9.53290930430283,9.53290930430283,9.53290930430283,9.53290930430283,9.53290930430283,9.53290930430283,9.53290930430283,9.53290930430283
780,"TTO","Trinidad and Tobago",18.2271140249118,18.2271140249118,18.2271140249118,18.2271140249118,18.2271140249118,18.2271140249118,18.2271140249118,18.2271140249118,18.2271140249118,18.2271140249118,18.2271140249118,18.2271140249118,18.2271140249118,18.2271140249118,18.2271140249118,18.2271140249118,18.2271140249118,18.2271140249118,18.2271140249118,18.2271140249118,18.2271140249118,18.2271140249118,18.2271140249118,18.2271140249118,18.2271140249118,18.2271140249118,18.2271140249118,18.2271140249118
788,"TUN","Tunisia",24.9348064784168,24.9348064784168,24.9348064784168,24.9348064784168,24.9348064784168,24.9348064784168,24.9348064784168,24.9348064784168,24.9348064784168,24.9348064784168,24.9348064784168,24.9348064784168,24.9348064784168,24.9348064784168,24.9348064784168,24.9348064784168,24.9348064784168,24.9348064784168,24.9348064784168,24.9348064784168,24.9348064784168,24.9348064784168,24.9348064784168,24.9348064784168,24.9348064784168,24.9348064784168,24.9348064784168,24.9348064784168
792,"TUR","Turkey",13.117041162535,13.117041162535,13.117041162535,13.117041162535,13.117041162535,13.117041162535,13.117041162535,13.117041162535,13.117041162535,13.117041162535,13.117041162535,13.117041162535,13.117041162535,13.117041162535,13.117041162535,13.117041162535,13.117041162535,13.117041162535,13.117041162535,13.117041162535,13.117041162535,13.117041162535,13.117041162535,13.117041162535,13.117041162535,13.117041162535,13.117041162535,13.117041162535
795,"TKM","Turkmenistan",NA,NA,NA,NA,NA,NA,NA,NA,NA,NA,NA,NA,NA,NA,NA,NA,NA,NA,NA,NA,NA,NA,NA,NA,NA,NA,NA,NA
796,"TCA","Turks and Caicos Islands",27.9045373731081,27.9045373731081,27.9045373731081,27.9045373731081,27.9045373731081,27.9045373731081,27.9045373731081,27.9045373731081,27.9045373731081,27.9045373731081,27.9045373731081,27.9045373731081,27.9045373731081,27.9045373731081,27.9045373731081,27.9045373731081,27.9045373731081,27.9045373731081,27.9045373731081,27.9045373731081,27.9045373731081,27.9045373731081,27.9045373731081,27.9045373731081,27.9045373731081,27.9045373731081,27.9045373731081,27.9045373731081
798,"TUV","Tuvalu",2.23730815845607,2.23730815845607,2.23730815845607,2.23730815845607,2.23730815845607,2.23730815845607,2.23730815845607,2.23730815845607,2.23730815845607,2.23730815845607,2.23730815845607,2.23730815845607,2.23730815845607,2.23730815845607,2.23730815845607,2.23730815845607,2.23730815845607,2.23730815845607,2.23730815845607,2.23730815845607,2.23730815845607,2.23730815845607,2.23730815845607,2.23730815845607,2.23730815845607,2.23730815845607,2.23730815845607,2.23730815845607
800,"UGA","Uganda",NA,NA,NA,NA,NA,NA,NA,NA,NA,NA,NA,NA,NA,NA,NA,NA,NA,NA,NA,NA,NA,NA,NA,NA,NA,NA,NA,NA
804,"UKR","Ukraine",29.5808414976848,29.5808414976848,29.5808414976848,29.5808414976848,29.5808414976848,29.5808414976848,29.5808414976848,29.5808414976848,29.5808414976848,29.5808414976848,29.5808414976848,29.5808414976848,29.5808414976848,29.5808414976848,29.5808414976848,29.5808414976848,29.5808414976848,29.5808414976848,29.5808414976848,29.5808414976848,29.5808414976848,29.5808414976848,29.5808414976848,29.5808414976848,29.5808414976848,29.5808414976848,29.5808414976848,29.5808414976848
784,"ARE","United Arab Emirates",11.6847348569107,11.6847348569107,11.6847348569107,11.6847348569107,11.6847348569107,11.6847348569107,11.6847348569107,11.6847348569107,11.6847348569107,11.6847348569107,11.6847348569107,11.6847348569107,11.6847348569107,11.6847348569107,11.6847348569107,11.6847348569107,11.6847348569107,11.6847348569107,11.6847348569107,11.6847348569107,11.6847348569107,11.6847348569107,11.6847348569107,11.6847348569107,11.6847348569107,11.6847348569107,11.6847348569107,11.6847348569107
826,"GBR","United Kingdom",8.93054952658868,8.93054952658868,8.93054952658868,8.93054952658868,8.93054952658868,8.93054952658868,8.93054952658868,8.93054952658868,8.93054952658868,8.93054952658868,8.93054952658868,8.93054952658868,8.93054952658868,8.93054952658868,8.93054952658868,8.93054952658868,8.93054952658868,8.93054952658868,8.93054952658868,8.93054952658868,8.93054952658868,8.93054952658868,8.93054952658868,8.93054952658868,8.93054952658868,8.93054952658868,8.93054952658868,8.93054952658868
840,"USA","United States of America",12.9842381199875,12.9842381199875,12.9842381199875,12.9842381199875,12.9842381199875,12.9842381199875,12.9842381199875,12.9842381199875,12.9842381199875,12.9842381199875,12.9842381199875,12.9842381199875,12.9842381199875,12.9842381199875,12.9842381199875,12.9842381199875,12.9842381199875,12.9842381199875,12.9842381199875,12.9842381199875,12.9842381199875,12.9842381199875,12.9842381199875,12.9842381199875,12.9842381199875,12.9842381199875,12.9842381199875,12.9842381199875
858,"URY","Uruguay",5.53892464396883,5.53892464396883,5.53892464396883,5.53892464396883,5.53892464396883,5.53892464396883,5.53892464396883,5.53892464396883,5.53892464396883,5.53892464396883,5.53892464396883,5.53892464396883,5.53892464396883,5.53892464396883,5.53892464396883,5.53892464396883,5.53892464396883,5.53892464396883,5.53892464396883,5.53892464396883,5.53892464396883,5.53892464396883,5.53892464396883,5.53892464396883,5.53892464396883,5.53892464396883,5.53892464396883,5.53892464396883
860,"UZB","Uzbekistan",NA,NA,NA,NA,NA,NA,NA,NA,NA,NA,NA,NA,NA,NA,NA,NA,NA,NA,NA,NA,NA,NA,NA,NA,NA,NA,NA,NA
548,"VUT","Vanuatu",11.5201592024346,11.5201592024346,11.5201592024346,11.5201592024346,11.5201592024346,11.5201592024346,11.5201592024346,11.5201592024346,11.5201592024346,11.5201592024346,11.5201592024346,11.5201592024346,11.5201592024346,11.5201592024346,11.5201592024346,11.5201592024346,11.5201592024346,11.5201592024346,11.5201592024346,11.5201592024346,11.5201592024346,11.5201592024346,11.5201592024346,11.5201592024346,11.5201592024346,11.5201592024346,11.5201592024346,11.5201592024346
862,"VEN","Venezuela",16.0698585854348,16.0698585854348,16.0698585854348,16.0698585854348,16.0698585854348,16.0698585854348,16.0698585854348,16.0698585854348,16.0698585854348,16.0698585854348,16.0698585854348,16.0698585854348,16.0698585854348,16.0698585854348,16.0698585854348,16.0698585854348,16.0698585854348,16.0698585854348,16.0698585854348,16.0698585854348,16.0698585854348,16.0698585854348,16.0698585854348,16.0698585854348,16.0698585854348,16.0698585854348,16.0698585854348,16.0698585854348
704,"VNM","Viet Nam",4.16257470815918,4.16257470815918,4.16257470815918,4.16257470815918,4.16257470815918,4.16257470815918,4.16257470815918,4.16257470815918,4.16257470815918,4.16257470815918,4.16257470815918,4.16257470815918,4.16257470815918,4.16257470815918,4.16257470815918,4.16257470815918,4.16257470815918,4.16257470815918,4.16257470815918,4.16257470815918,4.16257470815918,4.16257470815918,4.16257470815918,4.16257470815918,4.16257470815918,4.16257470815918,4.16257470815918,4.16257470815918
876,"WLF","Wallis and Futuna Islands",12.2170214595333,12.2170214595333,12.2170214595333,12.2170214595333,12.2170214595333,12.2170214595333,12.2170214595333,12.2170214595333,12.2170214595333,12.2170214595333,12.2170214595333,12.2170214595333,12.2170214595333,12.2170214595333,12.2170214595333,12.2170214595333,12.2170214595333,12.2170214595333,12.2170214595333,12.2170214595333,12.2170214595333,12.2170214595333,12.2170214595333,12.2170214595333,12.2170214595333,12.2170214595333,12.2170214595333,12.2170214595333
732,"ESH","Western Sahara",NA,NA,NA,NA,NA,NA,NA,NA,NA,NA,NA,NA,NA,NA,NA,NA,NA,NA,NA,NA,NA,NA,NA,NA,NA,NA,NA,NA
887,"YEM","Yemen",6.90596566233351,6.90596566233351,6.90596566233351,6.90596566233351,6.90596566233351,6.90596566233351,6.90596566233351,6.90596566233351,6.90596566233351,6.90596566233351,6.90596566233351,6.90596566233351,6.90596566233351,6.90596566233351,6.90596566233351,6.90596566233351,6.90596566233351,6.90596566233351,6.90596566233351,6.90596566233351,6.90596566233351,6.90596566233351,6.90596566233351,6.90596566233351,6.90596566233351,6.90596566233351,6.90596566233351,6.90596566233351
894,"ZMB","Zambia",NA,NA,NA,NA,NA,NA,NA,NA,NA,NA,NA,NA,NA,NA,NA,NA,NA,NA,NA,NA,NA,NA,NA,NA,NA,NA,NA,NA
716,"ZWE","Zimbabwe",NA,NA,NA,NA,NA,NA,NA,NA,NA,NA,NA,NA,NA,NA,NA,NA,NA,NA,NA,NA,NA,NA,NA,NA,NA,NA,NA,NA
